Sınav Yılı,Sayfa Dosyası,Soru No,Soru Metni,Ana Konu,Soru Tipi
2017_ALES_Ilkbahar,page_3.png,1,(2/3 - 3/4) / (3/4 - 4/5) işleminin sonucu kaçtır?,Rasyonel Sayılar,Salt İşlem
2017_ALES_Ilkbahar,page_3.png,2,(4^3 * 3^4) / 6^4 işleminin sonucu kaçtır?,Üslü Sayılar,Salt İşlem
2017_ALES_Ilkbahar,page_3.png,3,(√108 - √12) / (√147 - √75) işleminin sonucu kaçtır?,Köklü Sayılar,Salt İşlem
2017_ALES_Ilkbahar,page_3.png,4,(8! - 7! - 6!) / (5! - 4!) işleminin sonucu kaçtır?,Faktöriyel,Salt İşlem
2017_ALES_Ilkbahar,page_4.png,5,-1 + a + a^2 / 1 + a^-1 - a^-2 ifadesinin sadeleştirilmiş biçimi.,Rasyonel Denklemler,Salt İşlem
2017_ALES_Ilkbahar,page_4.png,6,"x, y, z tam sayılar olmak üzere, x * y + z ifadesi tek sayıdır. Buna göre, x tek ise y + z tektir, y çift ise x + z tektir, z çift ise x + y çifttir ifadelerinden hangileri her zaman doğrudur?",Tek/Çift Sayılar,Problemler
2017_ALES_Ilkbahar,page_4.png,7,"Pozitif gerçek sayılar kümesi üzerinde Δ işlemi x Δ y = √x (y + 1) + √y (x + 1) biçiminde tanımlanıyor. Buna göre, 8 Δ 18 işleminin sonucu kaçtır?",İşlem Tanımlama,Salt İşlem
2017_ALES_Ilkbahar,page_4.png,8,"a, b ve c gerçek sayıları için a^2 - bc = 11, b^2 + ac = 7, a - b - c = 4 olduğuna göre, a + b toplamı kaçtır?",Cebirsel Denklemler,Salt İşlem
2017_ALES_Ilkbahar,page_5.png,9,"Verilen üslü denklemlerden (2^x - 3^y = 9, 2^(x+1) = 3^(y+1)) hareketle 2^x + 3^y toplamını bulunuz.",Üslü Sayılar,Salt İşlem
2017_ALES_Ilkbahar,page_5.png,10,"n pozitif tam sayı olmak üzere, (5n + 60) / n ifadesi bir tam sayının karesine eşitse, n'nin alabileceği değerlerin toplamı kaçtır?",Sayılar Teorisi / Tam Sayılar,Problemler
2017_ALES_Ilkbahar,page_5.png,11,"a, b ve c tam sayılar için verilen çarpım eşitsizliklerine (a.b.c < 0, a.c = -3, b.c = -5) göre doğru sıralamayı bulunuz.",Sayılar Teorisi / Eşitsizlikler,Salt İşlem
2017_ALES_Ilkbahar,page_5.png,12,"Rakamlarının toplamının karesi, rakamlarının kareleri toplamından 36 fazla olan kaç tane iki basamaklı doğal sayı vardır?",Sayı Basamakları / Cebir,Problemler
2017_ALES_Ilkbahar,page_6.png,13,"Bir apartmanda 1'den 6'ya kadar numaralandırılmış 6 dairenin her birinde birer çocuk bulunmaktadır. Bu çocukların her biri, bayram ziyareti için bu apartmanda bulunan kendi dairesi dışındaki diğer tüm daireleri ziyaret etmiş ve ziyaret ettiği daireden o dairenin numarası kadar şeker toplamıştır. Çocuklardan ikisi toplam 38 şeker topladığına göre, bu iki çocuğun bulunduğu dairelerin numaraları toplamı kaçtır?",Sayı Problemleri,Problemler
2017_ALES_Ilkbahar,page_6.png,14,"Bir organizasyon şirketinde çalışan Çınar, gelen bir sipariş üzerine belirli sayıdaki davetiyeyi elindeki zarflara yerleştirecektir. Çınar, her zarfa 3 davetiye yerleştirmek istediğinde zarfların tamamının kullanıldığını ve 2 davetiyenin arttığını; her zarfa 4 davetiye yerleştirmek istediğinde ise zarfların beşte birinin boş kaldığını ve bir zarfta da 2 davetiyenin olduğunu fark ediyor. Buna göre, başlangıçta Çınar'ın elindeki zarf sayısı kaçtır?",Sayı Problemleri,Problemler
2017_ALES_Ilkbahar,page_6.png,15,"Bir şirket her ayın üçüncü Çarşamba günü yönetim kurulu toplantısı yapmaktadır. Buna göre, bu şirket bir yönetim kurulu toplantısını ayın en geç kaçıncı günü yapabilir?",Takvim Problemleri,Problemler
2017_ALES_Ilkbahar,page_6.png,16,"Şekildeki gibi üç bölmeye ayrılmış dikdörtgen biçimindeki bir yüzme havuzunda Ömer, Halis ve Demir bulundukları başlangıç noktalarından aynı anda bir yarışa başlıyorlar. Yarış bitene kadar, bulunduğu kenardan karşı kenara en kısa yol üzerinden sabit hızlarla yüzen yarışmacılar, karşı kenara ulaştıklarında zaman kaybetmeden ve hızlarını değiştirmeden geri dönüyorlar ve tekrar başlangıç noktasına ulaştıklarında 1 tur tamamlamış oluyorlar. Ömer bir tur tamamladığında; Halis havuzun karşı kenarına kadar yüzmüş, Demir ise karşı kenara yüzüp geri dönüş yolunun yarısını tamamlamıştır. Halis 2 tur tamamladığında bu üç yüzücü toplam 720 metre yüzdüğüne göre, bir tur kaç metredir?",Hız Problemleri,Problemler
2017_ALES_Ilkbahar,page_7.png,17,"Bir sanatçı, konserinde her biri 3 ya da 5 dakikalık olan toplam 18 şarkı söylemiş ve her iki şarkı arasında 2 dakikalık molalar vermiştir. Konser toplam 100 dakika sürmüştür. Sanatçı konserde kaç tane 5 dakikalık şarkı söylemiştir?",Problemler,Problemler
2017_ALES_Ilkbahar,page_7.png,18,"Verilen sütun grafiğinde bir ailenin ödediği doğalgaz faturasının mevsimlere göre değişimi gösterilmiştir. Buna göre, bu ailenin bir yıllık doğalgaz ödemesi bir daire grafiğinde gösterilirse sonbahar mevsimindeki ödemesi kaç derecelik merkez açı ile gösterilir?",Tablo/Grafik Yorumlama,Tablo/Grafik Okuma
2017_ALES_Ilkbahar,page_8.png,19,"İki basamaklı AB sayısı A² + 4B olarak tanımlandığında, AB = BA eşitliğini sağlayan kaç farklı AB sayısı vardır?",Sayı Basamakları,Salt İşlem
2017_ALES_Ilkbahar,page_8.png,20,"İki basamaklı AB sayısı A² + 4B olarak tanımlandığında, AB = 29 eşitliğini sağlayan AB sayılarının toplamı kaçtır?",Sayı Basamakları,Salt İşlem
2017_ALES_Ilkbahar,page_9.png,21,Başlangıçtan 10 saniye sonra düzeneklerde oluşan görünüm aşağıdakilerden hangisidir?,Mantık,Yeni Nesil Mantık
2017_ALES_Ilkbahar,page_9.png,22,Yukarıdaki görünüm başlangıçtan en az kaç saniye sonra elde edilir?,Mantık,Yeni Nesil Mantık
2017_ALES_Ilkbahar,page_10.png,23,"Toplam 210 elma ağacının bulunduğu bu bahçedeki tüm ağaçların %20'si armut ağacıdır. Buna göre, bahçedeki kayısı ağaçlarının sayısı kaçtır?",Yüzde Problemleri,Problemler
2017_ALES_Ilkbahar,page_10.png,24,"Bahçedeki elma ağaçlarının sayısı; kayısı ağaçlarının sayısının 3 katı, toplam ağaç sayısının yarısıdır. Buna göre, bahçedeki incir ağaçlarının sayısı kaçtır?",Sayı Problemleri,Problemler
2017_ALES_Ilkbahar,page_11.png,25,"Pozitif tam sayılardan oluşan {an} dizisi an+1 = an + n eşitliğini sağlıyor. a1 = 20 olduğuna göre, a21 kaçtır?",Diziler,Salt İşlem
2017_ALES_Ilkbahar,page_11.png,26,"Pozitif tam sayılardan oluşan {an} dizisi an+1 = an + n eşitliğini sağlıyor. a40 = 2017 olduğuna göre, a1 kaçtır?",Diziler,Salt İşlem
2017_ALES_Ilkbahar,page_11.png,27,Pozitif tam sayılardan oluşan {an} dizisi an+1 = an + n eşitliğini sağlıyor. a40 - a20 ifadesinin değeri kaçtır?,Diziler,Salt İşlem
2017_ALES_Ilkbahar,page_12.png,28,"Verilen kurala göre doldurulmuş tablodaki sayılardan, maviye boyanmış dört kutunun sütun numaraları toplamı kaçtır? Tablo: 1 0 2 0 2 1 1 1",Sözel Mantık,Yeni Nesil Mantık
2017_ALES_Ilkbahar,page_12.png,29,"Verilen kurala göre doldurulmuş tablodaki sayılardan, maviye boyanmış dört kutunun sütun numaraları toplamı kaçtır? Tablo: 1 1 1 1 1 1 1 1",Sözel Mantık,Yeni Nesil Mantık
2017_ALES_Ilkbahar,page_12.png,30,"Kutular kurala göre boyanıp sayılar yazıldığında sadece bir kutuda 1 sayısı yazıyorsa, bu tablonun tüm kutularına yazılan sayıların toplamı kaçtır?",Sözel Mantık,Yeni Nesil Mantık
2017_ALES_Ilkbahar,page_13.png,31,"Mavi hücrelerdeki sayıların toplamı 144 ise, a+b kaçtır?",Cebirsel İfadeler,Yeni Nesil Mantık
2017_ALES_Ilkbahar,page_13.png,32,Verilen şekle göre 'a' değeri kaçtır?,Denklem Çözme / İşlem Yeteneği,Yeni Nesil Mantık
2017_ALES_Ilkbahar,page_13.png,33,Verilen şekle göre 'a' değeri kaçtır?,Denklem Çözme / İşlem Yeteneği,Yeni Nesil Mantık
2017_ALES_Ilkbahar,page_14.png,34,Verilen geometrik şekilde açı değerleri ve paralel kenarlar kullanılarak x açısı hesaplama.,Geometri,Salt İşlem
2017_ALES_Ilkbahar,page_14.png,35,Düzgün beşgen ve kare içeren şekilde x açısı hesaplama.,Geometri,Salt İşlem
2017_ALES_Ilkbahar,page_14.png,36,Kare ve yarım çemberler içinde verilen AEC üçgeninin alanını hesaplama.,Geometri,Problemler
2017_ALES_Ilkbahar,page_14.png,37,ABCD karesi ve içinde belirtilen uzunluk ve açılara göre boyalı bölgelerin alanları toplamını bulma.,Geometri,Problemler
2017_ALES_Ilkbahar,page_15.png,38,"Şekilde A noktasından geçen M merkezli çember ile B noktasından geçen O merkezli çember T noktasında birbirine teğettir. |TM| = 3 birim, |MO| = 2 birim, m(OTB) = 30°. Buna göre, |AB| uzunluğu kaç birimdir?",Geometri,Problemler
2017_ALES_Ilkbahar,page_15.png,39,"Taban yarıçapı 8 birim ve yüksekliği 9 birim olan dik dairesel koni şeklindeki A kabı ağzına kadar su ile doludur. Bu kaptaki suyun tamamı, taban yarıçapı 4 birim ve yüksekliği 20 birim olan dik dairesel silindir şeklindeki B kabına boşaltılıyor. Buna göre, B kabında boş kalan kısmın yüksekliği kaç birimdir?",Hacim Problemleri,Problemler
2017_ALES_Ilkbahar,page_15.png,40,"Dik koordinat düzleminde A(10,0), B(2a,2a), C(a,a) noktaları veriliyor. ABC üçgeninin alanı 60 birimkare olduğuna göre, a kaçtır?",Analitik Geometri,Problemler
2017_ALES_Ilkbahar,page_16.png,1,"0,2 - (1-0,2) / (0,1 / 0,02)",Rasyonel Sayılar,Salt İşlem
2017_ALES_Ilkbahar,page_16.png,2,(3^8 - 1) / (3^6 - 3^4 + 3^2 - 1),Üslü Sayılar,Salt İşlem
2017_ALES_Ilkbahar,page_16.png,3,(sqrt(12) + sqrt(6)) * (sqrt(6) - sqrt(3)) / sqrt(2),Köklü Sayılar,Salt İşlem
2017_ALES_Ilkbahar,page_16.png,4,"A2B / B1 = 13 (kalan 4); A, B birer rakam; A+B=?",Sayı Basamakları,Problemler
2017_ALES_Ilkbahar,page_17.png,5,"a - 2/b = 1 ve b - 1/a = 2 olduğuna göre, 4a - 2b ifadesinin değeri kaçtır?",Rasyonel Sayılar,Salt İşlem
2017_ALES_Ilkbahar,page_17.png,6,"√x • √y = 4/3 ve √y / √x = 2 eşitlikleri veriliyor. Buna göre, x + y toplamı kaçtır?",Köklü Sayılar,Salt İşlem
2017_ALES_Ilkbahar,page_17.png,7,"x + y < x < x • y eşitsizlikleri veriliyor. Buna göre, x > 0, x - y > 0, x/y > 0 ifadelerinden hangileri her zaman doğrudur?",Eşitsizlikler,Salt İşlem
2017_ALES_Ilkbahar,page_17.png,8,"|a/b| = 3 ve |a + 2b| = 10 olduğuna göre, a + b toplamının alabileceği en büyük değer kaçtır?",Mutlak Değer,Salt İşlem
2017_ALES_Ilkbahar,page_18.png,9,"A={1,2,3,4,5}, B={3,4,5,6,7} kümeleri veriliyor. C ⊆ B ve |A \ C| = 2 koşullarını sağlayan kaç farklı C kümesi vardır?",Kümeler,Salt İşlem
2017_ALES_Ilkbahar,page_18.png,10,"f(n) = n+1 (n çift ise), f(n) = n-1 (n tek ise) olarak tanımlanıyor. (f o f)(3) + f(a) = f(10) eşitliğini sağlayan a değeri kaçtır?",Fonksiyonlar,Salt İşlem
2017_ALES_Ilkbahar,page_18.png,11,"AB iki basamaklı bir doğal sayı olmak üzere, (AB+3)/5 doğal sayısı 5 ile tam bölünebilen bir tek sayıdır. Buna göre, AB sayısının alabileceği değerlerin toplamı kaçtır?",Sayı Basamakları ve Bölünebilme Kuralları,Problemler
2017_ALES_Ilkbahar,page_18.png,12,"Üç basamaklı ABC doğal sayısı, iki basamaklı BC doğal sayısının 10 katından 112 fazladır. Buna göre, A + B + C toplamı kaçtır?",Sayı Basamakları,Problemler
2017_ALES_Ilkbahar,page_19.png,13,A ve B adlı bilgisayar programlarının kullanım süreleri ve ücretlendirme bilgileri verilmiştir. Ceyda bu iki programı kullanmış ve toplam 930 TL ödemiştir. Buna göre A programı kaç ay kullanılmıştır?,Denklem Kurma Problemleri,Problemler
2017_ALES_Ilkbahar,page_19.png,14,"Fındık, ceviz ve bademden oluşan 40 kilogramlık bir karışım hazırlanmıştır. Karışımdaki fındık ve cevizin oranı ile satış fiyatları verilmiştir. Karışımın tamamının kilogramı 37,5 TL'den satıldığına göre, bademin kilogram fiyatı kaç TL'dir?",Karışım Problemleri,Problemler
2017_ALES_Ilkbahar,page_19.png,15,"Sabit hızla hareket eden bir otobüsün hızı 90 km/s'dir. Otobüsün 1,5 km gerisinden gelen bir otomobil, 3 dakika sonra otobüsü yakalıyor. Buna göre, otomobilin saatteki hızı kaç kilometredir?",Hareket Problemleri,Problemler
2017_ALES_Ilkbahar,page_19.png,16,"Bir tiyatro salonunda 1'den 9'a kadar numaralandırılmış 9 sıra vardır. Birinci sıradaki koltuklar tam doludur. Birinci sıradan sonraki her bir sırada, bir önceki sıradaki dolu koltuk sayısından, bulunulan sıranın numarası kadar fazla koltuk vardır. Salonda toplam 215 dolu koltuk bulunduğuna göre, birinci sıradaki dolu koltuk sayısı kaçtır?",Sayı Dizileri ve Denklem Kurma,Problemler
2017_ALES_Ilkbahar,page_20.png,17,"Yakıt tüketim hızı sabit olan bir aracın deposunun hacmi 52 litredir. Hareketine başladığında deposu tamamen dolu olan bu araç 200 km yol aldıktan sonra, aracın deposunun boşalan kısmının yarısı doldurulup araç yola devam ediyor. Bu aracın yakıtı, ilk harekete başladıktan 1400 km sonra bittiğine göre, araç kilometrede kaç litre yakıt tüketmektedir?",Problemler,Problemler
2017_ALES_Ilkbahar,page_20.png,18,"Bir karenin farklı A, B, C ve D köşeleri rastgele seçilerek [AB] ve [CD] doğru parçaları çiziliyor. Buna göre, bu iki doğru parçasının kesişme olasılığı kaçtır?",Olasılık,Salt İşlem
2017_ALES_Ilkbahar,page_20.png,19,"Bir yarışmacı, ilk kelime için toplam 6 harf açtırdıktan sonra doğru tahminde bulunmuş ve yarışmacının puanı 1900 olmuştur. Buna göre, bu yarışmacı ilk kelimede kaç tane sesli harf açtırmıştır?",Sayısal Mantık,Yeni Nesil Mantık
2017_ALES_Ilkbahar,page_20.png,20,"Bir yarışmacı, ilk iki kelimede sadece birer sessiz harf açtırdıktan sonra bu kelimeleri yanlış tahmin etmiştir. Sonraki tüm kelimeleri ise harf açtırmadan doğru tahmin etmiş ve yarışma sonunda puanı 3500 olmuştur. Buna göre, yarışmacının doğru tahmin ettiği kelime sayısı kaçtır?",Sayısal Mantık,Yeni Nesil Mantık
2017_ALES_Ilkbahar,page_21.png,21,"Dairesel grafiklerde verilen başlangıç ve yıl sonu ürün dağılımlarına göre, C ürünlerinin yarısı satıldıysa, D ürünlerinin yüzde kaçı satılmıştır?",Grafik Problemleri,Tablo/Grafik Okuma
2017_ALES_Ilkbahar,page_21.png,22,"Başlangıçta A ürününden 700 adet olduğu ve B ile D ürünlerinden eşit sayıda satıldığı bilindiğine göre, C ürününden kaç adet satılmıştır?",Grafik Problemleri,Tablo/Grafik Okuma
2017_ALES_Ilkbahar,page_21.png,23,"90 koltuklu uçağın 3 gruba ayrılan koltuklarının fiyat farkları ve satış sırası verilmiştir. İkinci grup koltukların tamamı satıldığında geliri üçüncü grup gelirinin 2 katıysa, toplam kaç koltuk satılmıştır?",Yüzde Problemleri,Problemler
2017_ALES_Ilkbahar,page_21.png,24,"İkinci grup koltukların 120 TL'ye satıldığı ve toplam 65 koltuk satıldığı bilindiğine göre, bu uçakta satılan tüm biletlerden elde edilen toplam gelir kaç TL'dir?",Yüzde Problemleri,Problemler
2017_ALES_Ilkbahar,page_22.png,25,"Verilen tabloya göre, x'in alabileceği değerlerin toplamı kaçtır?",Sayısal Mantık,Yeni Nesil Mantık
2017_ALES_Ilkbahar,page_22.png,26,"Verilen tabloya göre, x + y toplamı kaçtır?",Sayısal Mantık,Yeni Nesil Mantık
2017_ALES_Ilkbahar,page_22.png,27,"Verilen tabloya göre, a + b + c toplamı kaçtır?",Sayısal Mantık,Yeni Nesil Mantık
2017_ALES_Ilkbahar,page_23.png,28,"Verilen cevap dizisi (D, D, D, Y, D, Y, Y, D, D) ve ilk sorunun zorluk seviyesi 2 olarak alındığında, adayın sınavdan aldığı toplam puan kaçtır? (Zorluk seviyesi ve puan kurallarına göre hesaplama yapılacaktır.)",Yeni Nesil Mantık,Yeni Nesil Mantık
2017_ALES_Ilkbahar,page_23.png,29,"Tüm soruların zorluk seviyesinin 3 olduğu bir senaryoda, ilk ve son soruları doğru cevaplayan bir adayın sınavdan aldığı toplam puan kaçtır? (Zorluk seviyesi 3'ü koruyacak cevap deseni ve puanlama kurallarına göre hesaplama yapılacaktır.)",Yeni Nesil Mantık,Yeni Nesil Mantık
2017_ALES_Ilkbahar,page_23.png,30,"İlk sorunun zorluk seviyesi 1 seçildiğinde ve tüm sorular doğru cevaplandığında, adayın sınavdan aldığı toplam puan kaçtır? (Zorluk seviyesi ve puan kurallarına göre adım adım hesaplama yapılacaktır.)",Yeni Nesil Mantık,Yeni Nesil Mantık
2017_ALES_Ilkbahar,page_24.png,31,39 + 50 + 66 işleminin sonucu kaçtır?,Asal Çarpanlar ve Sayı Teorisi,Salt İşlem
2017_ALES_Ilkbahar,page_24.png,32,AB = 1 koşulunu sağlayan en büyük sayının rakamları toplamı kaçtır?,Asal Çarpanlar ve Sayı Teorisi,Problemler
2017_ALES_Ilkbahar,page_24.png,33,Sadece iki asal böleni olan ve AB = 3 koşulunu sağlayan kaç tane AB sayısı vardır?,Asal Çarpanlar ve Sayı Teorisi,Problemler
2017_ALES_Ilkbahar,page_25.png,34,"Beş eş çemberin birbirine teğet olduğu bir şekilde, çemberler üzerinde bulunan a, b, c, d, e çevre açılarının toplamı isteniyor.",Geometri (Çemberde Açılar),Salt İşlem
2017_ALES_Ilkbahar,page_25.png,35,[AD] çaplı yarım çemberin içine çizilen diğer yarım çemberler ve yay uzunlukları verilerek BE/CF oranı soruluyor.,"Geometri (Çemberler, Yay Uzunlukları)",Salt İşlem
2017_ALES_Ilkbahar,page_25.png,36,ABCD dikdörtgeni ve EBFG karesinin bazı kenar uzunlukları ve eşitlikleri verilerek ABCD dikdörtgeninin alanı soruluyor.,"Geometri (Dikdörtgen, Kare, Alan)",Salt İşlem
2017_ALES_Ilkbahar,page_26.png,37,"ABCDEF düzgün altıgen, GMN eşkenar üçgen. |AB| = 6 birim. K ve L orta noktalar. GMN üçgeninin alanı kaç birimkaredir?",Geometri,Salt İşlem
2017_ALES_Ilkbahar,page_26.png,38,ABCD ve KLMC eş dikdörtgenler. [LM] ⊥ [BH]. 3|AK| = 2|KB|. |AD| = 10 birim. |BH| = x. x kaç birimdir?,Geometri,Salt İşlem
2017_ALES_Ilkbahar,page_26.png,39,ABCDEF düzgün altıgen. [BF] ∩ [AC] = {K}. |AK| = 1 birim. |DK| = x. x kaç birimdir?,Geometri,Salt İşlem
2017_ALES_Ilkbahar,page_26.png,40,"Ayrıt uzunluğu 2 birim olan küpte, ayrıtların orta noktaları A, B, C, D. ABCD dörtgeninin alanı kaç birimkaredir?",Uzay Geometri,Salt İşlem
2017_ALES_Ilkbahar,page_27.png,1,15 santimlik cep telefonu ekranlarının 120 ekran televizyonların [boşluk 1] çözünürlüklere ulaşmasıyla televizyonlarda HD standardını [boşluk 2].,Cümle Tamamlama,Paragraf
2017_ALES_Ilkbahar,page_27.png,2,Kahve çekirdeklerinden kafein ayırma süreci anlatılıyor; kafein suda çözünebildiği halde [boşluk] sadece kafein uzaklaştırmak istendiğinde uygun bir çözücü değildir.,Cümle Tamamlama,Paragraf
2017_ALES_Ilkbahar,page_27.png,3,"İnsan devamlı dikiz aynasına bakarak, [boşluk] yaşayamaz; geçmiş, bugün ve gelecekten beslenilmelidir.",Cümle Tamamlama,Paragraf
2017_ALES_Ilkbahar,page_27.png,4,"Spor sonrası kas ağrısı, kaslara yeterince hızlı kan gitmeyince laktik asit birikmesi ve sinir uyarımı ile ortaya çıkar. Cümleler arasındaki boşluğu tamamla.",Cümle Tamamlama,Paragraf
2017_ALES_Ilkbahar,page_28.png,5,Ramazan panayırlarından lunaparklara uzanan eğlence anlayışının Türkiye'ye gelişimini anlatan metinden çıkarım yapma.,Paragrafta Anlam,Paragraf
2017_ALES_Ilkbahar,page_28.png,6,John Berger'ın eserleri ve Jean Mohr ile olan işbirliği hakkında verilen bilgiden çıkarım yapma.,Paragrafta Anlam,Paragraf
2017_ALES_Ilkbahar,page_28.png,7,Manisa'daki Uluslararası Mesir Macunu Şenliği ve macun üretimi hakkında verilen bilgiden çıkarım yapma.,Paragrafta Anlam,Paragraf
2017_ALES_Ilkbahar,page_28.png,8,Karadeniz çevresindeki ülkelerin son 40 yıldaki üretim artışı ve buna bağlı çevre kirliliği hakkında verilen bilgiden çıkarım yapma.,Paragrafta Anlam,Paragraf
2017_ALES_Ilkbahar,page_29.png,9,"2009'da, Hollandalı araştırmacılardan oluşan bir ekip, yeşil alanların yakınında yaşayanlarda depresyon, kalp hastalığı, diyabet, astım ve migren dâhil 15 hastalığın daha düşük oranda görüldüğünü saptadı. Buna göre verilen ifadelerden hangisine ulaşılabileceği ya da ulaşılamayacağı sorulmaktadır.",Paragrafta Anlam,Paragraf
2017_ALES_Ilkbahar,page_29.png,10,Verilen sözler anlamlı ve kurallı bir cümle oluşturacak biçimde sıralandığında üçüncü ögeyi bulma.,Cümle Oluşturma,Sözel Mantık
2017_ALES_Ilkbahar,page_29.png,11,Verilen sözler anlamlı ve kurallı bir cümle oluşturacak biçimde sıralandığında dördüncü ögeyi bulma.,Cümle Oluşturma,Sözel Mantık
2017_ALES_Ilkbahar,page_29.png,12,Verilen sözler anlamlı ve kurallı bir cümle oluşturacak biçimde sıralandığında dördüncü ögeyi bulma.,Cümle Oluşturma,Sözel Mantık
2017_ALES_Ilkbahar,page_29.png,13,Verilen cümleler anlamlı bir bütün oluşturacak biçimde sıralandığında üçüncü ögeyi bulma.,Paragraf Oluşturma,Paragraf
2017_ALES_Ilkbahar,page_30.png,14,Yukarıdaki cümleler anlamlı bir bütün oluşturacak biçimde sıralandığında hangisi baştan dördüncü olur?,Paragrafta Yapı,Paragraf
2017_ALES_Ilkbahar,page_30.png,15,Bu parçanın yazarına göre İlhami Çiçek'le ilgili olarak aşağıdakilerden hangisi söylenebilir?,Paragrafta Anlam,Paragraf
2017_ALES_Ilkbahar,page_30.png,16,Bu parçadaki altı çizili sözle anlatılmak istenen aşağıdakilerden hangisi olamaz?,Sözcükte ve Söz Öbeğinde Anlam,Paragraf
2017_ALES_Ilkbahar,page_30.png,17,Bu parçada Osmanlı kahvehaneleri ile ilgili olarak aşağıdakilerden hangisine ulaşılabilir?,Paragrafta Anlam,Paragraf
2017_ALES_Ilkbahar,page_31.png,18,Keşifler yapmak istiyorsan yapacağın yanlışlara sevinmen gerektiğini unutmamalısın. Bu düşünceyi savunan birinin aşağıdakilerden hangisini söylemesi beklenemez?,Paragrafta Anlam,Paragraf
2017_ALES_Ilkbahar,page_31.png,19,"Bu yıl 2-8 Ağustos tarihleri arasında ikincisi düzenlenecek olan Kazova-Kelkit Domates Festivali, daha önce görülen ilgisizliğe ve pazarlama sorunlarına çözüm getirebileceği düşüncesiyle yerel sanatçıların katılacağı bir müzik şöleniyle başlayacak ve bölgede üretilen bazı ürünler satışa çıkarılacaktır. Bu cümleden hareketle aşağıdakilerden hangisine ulaşılamaz?",Paragrafta Anlam,Paragraf
2017_ALES_Ilkbahar,page_31.png,20,Latin edebiyatının bu başarı çocuğunu başarılı kılan şeyin sanatçıdaki rağmenlik tutkusu olduğu konusunda bütün edebiyat eleştirmenleri hemfikir. Bu cümlede sanatçının altı çizili sözle anlatılmak istenen özelliği aşağıdakilerden hangisidir?,Sözcükte Anlam,Paragraf
2017_ALES_Ilkbahar,page_31.png,21,"Bana göre 1990 sonrası Türk edebiyatında polisiye türü, romanın tüm yetkilerini kullanmakta ve insanı yansıtma noktasında romanın diğer türlerine nazaran daha gerçekçi bir zeminden seslenmektedir. Bu cümleye göre aşağıdakilerden hangisi söylenebilir?",Paragrafta Anlam,Paragraf
2017_ALES_Ilkbahar,page_32.png,22,"Performans sanatçısının izleyici algısı ve eserleriyle ilgili görüşleri üzerine bir paragraf verilmiş, sanatçının söylemesi beklenmeyen ifade soruluyor.",Paragrafta Anlam,Paragraf
2017_ALES_Ilkbahar,page_32.png,23,"Maşathöyük antik kenti hakkında bilgi veren bir paragrafta, hangi bilginin değinilmediği soruluyor.",Paragrafta Anlam,Paragraf
2017_ALES_Ilkbahar,page_32.png,24,"Yemek kültürleri hakkında bir yazarın görüşlerini anlatan numaralı cümlelerin yer aldığı bir paragrafta, hangi cümlede neden-sonuç ilişkisinin birlikte verilmediği soruluyor.",Paragrafta Anlam,Paragraf
2017_ALES_Ilkbahar,page_32.png,25,"Öğretmen davranışlarının öğrenci üzerindeki etkilerini açıklayan bir paragraftan hareketle, hangi çıkarımın yapılabileceği soruluyor.",Paragrafta Anlam,Paragraf
2017_ALES_Ilkbahar,page_33.png,26,Hız mayosu ile ilgili parçada değinilmeyen bilgi.,Paragrafta Anlam,Paragraf
2017_ALES_Ilkbahar,page_33.png,27,Parçanın yazılış amacı.,Paragrafta Anlam,Paragraf
2017_ALES_Ilkbahar,page_34.png,28,Bu parçada yüz tanıma hastalarıyla ilgili olarak aşağıdakilerden hangisi vurgulanmaktadır?,Paragrafta Anlam,Paragraf
2017_ALES_Ilkbahar,page_34.png,29,Bu parçaya göre yüz körlüğü olan birinin konuştuğu kişinin yüzündeki bir noktaya odaklanamamasının nedeni aşağıdakilerden hangisi olabilir?,Paragrafta Anlam,Paragraf
2017_ALES_Ilkbahar,page_35.png,30,Bu parçadan hareketle Gogol'ün sanatıyla ilgili olarak aşağıdaki yargılardan hangisine ulaşılamaz?,Paragrafta Anlam,Paragraf
2017_ALES_Ilkbahar,page_35.png,31,Bu parçadaki altı çizili sözle anlatılmak istenen aşağıdakilerden hangisidir?,Paragrafta Anlam,Paragraf
2017_ALES_Ilkbahar,page_35.png,32,Bu parçada yukarıdaki sorulardan hangilerinin cevabı bulunmaktadır?,Paragrafta Anlam,Paragraf
2017_ALES_Ilkbahar,page_36.png,33,"Buna göre I. Gaziantep, II. İzmir, III. Kastamonu şehirlerinden hangilerine ikinci gün kargo taşınmış olabilir?",Sözel Mantık,Yeni Nesil Mantık
2017_ALES_Ilkbahar,page_36.png,34,Kargo taşınan ilk üç şehrin sırası aşağıdakilerden hangisi olamaz?,Sözel Mantık,Yeni Nesil Mantık
2017_ALES_Ilkbahar,page_36.png,35,"Buna göre üçüncü gün I. B, II. C, III. D tipindeki kargolardan hangileri taşınmış olabilir?",Sözel Mantık,Yeni Nesil Mantık
2017_ALES_Ilkbahar,page_36.png,36,"İlk dört günde, her gün bir önceki günden daha hafif bir kargo taşındığı biliniyorsa aşağıdakilerden hangisi kesin olarak yanlıştır?",Sözel Mantık,Yeni Nesil Mantık
2017_ALES_Ilkbahar,page_37.png,37,"A, B, D kitaplarından hangileri sanat konulu bir kitap olabilir?",Sözel Mantık,Yeni Nesil Mantık
2017_ALES_Ilkbahar,page_37.png,38,Kitapların sıralaması hakkında verilen ifadelerden hangisi kesin olarak doğrudur?,Sözel Mantık,Yeni Nesil Mantık
2017_ALES_Ilkbahar,page_37.png,39,"Toplam dört yemek kitabı olduğu bilindiğinde, verilen ifadelerden hangisi kesin olarak doğrudur?",Sözel Mantık,Yeni Nesil Mantık
2017_ALES_Ilkbahar,page_37.png,40,"E ile H kitapları yan yana duruyorsa, beşinci ve altıncı sıradaki kitapların konuları nelerdir?",Sözel Mantık,Yeni Nesil Mantık
2017_ALES_Ilkbahar,page_38.png,1,Sinemanın gerçekle kıyaslanması ve kendi gerçekliğini yaratma özgürlüğü üzerine bir paragrafta anlam bütünlüğünü bozan cümleyi bulunuz.,Paragrafta Anlam,Paragraf
2017_ALES_Ilkbahar,page_38.png,2,"İnsanların temel ihtiyaçları ve çevreye verdikleri zararlar, küresel ısınma ve iklim değişikliği üzerine bir paragrafta anlam bütünlüğünü bozan cümleyi bulunuz.",Paragrafta Anlam,Paragraf
2017_ALES_Ilkbahar,page_38.png,3,"Orta Çağ'dan sanayi devrimine geçiş, şehirleşme ve üretim sistemindeki değişikliklerin toplum üzerindeki etkileri üzerine bir paragrafta anlam bütünlüğünü bozan cümleyi bulunuz.",Paragrafta Anlam,Paragraf
2017_ALES_Ilkbahar,page_38.png,4,"Modern toplumun yarattığı paradoksal görünüm, sanatın hayatla ilişkisi ve Charles Baudelaire'in modern insanı nitelendirmesi üzerine bir paragrafta anlam bütünlüğünü bozan cümleyi bulunuz.",Paragrafta Anlam,Paragraf
2017_ALES_Ilkbahar,page_39.png,5,Süperiletkenler hakkında verilen bir paragraftaki numaralı cümlelerin anlam akışını sağlamak için hangi ikisinin yer değiştirmesi gerektiğini bulunuz.,Paragrafta Anlam,Paragraf
2017_ALES_Ilkbahar,page_39.png,6,İletişim konulu bir paragraftaki numaralı cümlelerin anlam akışını sağlamak için hangi ikisinin yer değiştirmesi gerektiğini bulunuz.,Paragrafta Anlam,Paragraf
2017_ALES_Ilkbahar,page_39.png,7,Geleneksel Türk evlerinin mimarisi ve oda düzenlemesi hakkında verilen bir paragraftaki numaralı cümlelerin anlam akışını sağlamak için hangi ikisinin yer değiştirmesi gerektiğini bulunuz.,Paragrafta Anlam,Paragraf
2017_ALES_Ilkbahar,page_40.png,8,"Mirketlerin yavrularına akreplerle avlanmayı öğretme süreciyle ilgili verilen numaralandırılmış ifadelerden, mirket yavrularının akreplerle nasıl avlanacaklarını öğrenmelerini açıklayan iki farklı ifadeyi bulma.",Paragrafta Anlam,Paragraf
2017_ALES_Ilkbahar,page_40.png,9,"Bir kitabın kısa sürede yaygınlaşması ve bir kuşağın baş ucu kitabı olmasında rol oynayan faktörlerle ilgili verilen numaralandırılmış ifadelerden, hangi faktörlerin önemli rol oynadığını bulma.",Paragrafta Anlam,Paragraf
2017_ALES_Ilkbahar,page_40.png,10,"Şekerin beyin üzerindeki olumsuz etkileriyle ilgili verilen numaralanmış cümlelerden, aynı anlama gelen iki farklı ifadeye yer verilmiştir?",Paragrafta Anlam,Paragraf
2017_ALES_Ilkbahar,page_40.png,11,"Feride'nin yaptığı 'Gül-be-şeker' ve anlamlarıyla ilgili verilen numaralanmış cümlelerden, aynı anlama gelen iki farklı ifadeye yer verilmiştir?",Paragrafta Anlam,Paragraf
2017_ALES_Ilkbahar,page_41.png,12,"Okur açısından, geçmişin çoktan kutsallaştırılmış metinleri güvenli birer limandır; bugün yaratılmakta olan edebiyata yönelmek cesaret gerektirir ama bu cesaret insanı yepyeni maceralarla ödüllendirir. Bu cümledeki altı çizili sözle anlatılmak istenen aşağıdakilerden hangisidir?",Paragrafta Anlam,Paragraf
2017_ALES_Ilkbahar,page_41.png,13,"Doğadan kopuş olgusunun bireyselleşme sürecindeki etkisine yoğunlaşması, toplumsal cinsiyet konusundaki açık fikirliliği ve bütün bunları hikâyeye yedirme ve karakterlere uydurma konusundaki başarısı yazarın ayırıcı özellikleridir. Bu cümlede sözü edilen yazarla ilgili olarak anlatılmak istenen aşağıdakilerden hangisidir?",Paragrafta Anlam,Paragraf
2017_ALES_Ilkbahar,page_41.png,14,"Çocukluğumun geçtiği 70'li yıllarda, adına taşra denen o yoklar ve yokluklar diyarında bizim bir yanımız dağlardaydı hâlâ; kara çadırlar hâlinde, rüzgârların ortasında dalgalanır dururdu. Bu parçadaki altı çizili sözle anlatılmak istenen aşağıdakilerden hangisidir?",Paragrafta Anlam,Paragraf
2017_ALES_Ilkbahar,page_41.png,15,İnsanın kendi trajedisinin kahramanı olmasında dramatik bir yön yoktur. Asıl dramatik olan kendi trajedisinin seyircisi olmaktır. Bu parçada insanla ilgili olarak aşağıdakilerden hangisinin önemi vurgulanmaktadır?,Paragrafta Anlam,Paragraf
2017_ALES_Ilkbahar,page_42.png,16,The Doors grubunun parçadaki altı çizili sözle anlatılmak istenen özelliği.,Paragrafta Anlam,Paragraf
2017_ALES_Ilkbahar,page_42.png,17,Parçanın yazarının yakınmakta olduğu durum.,Paragrafta Anlam,Paragraf
2017_ALES_Ilkbahar,page_42.png,18,Parçada vurgulanan temel düşünce.,Paragrafta Anlam,Paragraf
2017_ALES_Ilkbahar,page_43.png,19,Parçada Soğuk Savaş ile ilgili olarak hangi bilginin bahsedildiği sorulmaktadır.,Paragrafta Anlam,Paragraf
2017_ALES_Ilkbahar,page_43.png,20,Üniversite eğitimindeki yeni yaklaşımlar hakkında verilen paragraftan neyin çıkarılamayacağı sorulmaktadır.,Paragrafta Anlam,Paragraf
2017_ALES_Ilkbahar,page_44.png,21,Yazarın gezilerini planlaması ve Internet kullanımı hakkında verilen parçadan ulaşılamayacak yargının tespiti.,Paragrafta Anlam,Paragraf
2017_ALES_Ilkbahar,page_44.png,22,Sosyoloji ve psikoloji arasındaki ilişkiyi ve sosyal psikolojinin rolünü açıklayan parçadan ulaşılamayacak yargının tespiti.,Paragrafta Anlam,Paragraf
2017_ALES_Ilkbahar,page_44.png,23,Ren Vadisi'ndeki şatoların özelliklerini anlatan parçada değinilmeyen konunun tespiti.,Paragrafta Anlam,Paragraf
2017_ALES_Ilkbahar,page_45.png,24,Bu parçadan hareketle Freud ile ilgili olarak aşağıdakilerin hangisine ulaşılamaz?,Paragrafta Anlam,Paragraf
2017_ALES_Ilkbahar,page_45.png,25,"Bu parçada, I. Yabancı dilde okuma alışkanlığı eğitim süreçlerinin dışında mı şekillenir? II. Okuma tercihleri yazarın kimlik kazanmasında etkin bir rol oynar mı? III. ""Bir yazarla tanıştım ve hayatım değişti."" diyebilmek sizce ne derece mümkün? sorularından hangilerinin cevabı vardır?",Paragrafta Anlam,Paragraf
2017_ALES_Ilkbahar,page_46.png,26,Bu parçada Flu Trends uygulamasıyla ilgili olarak aşağıdakilerden hangisine değinilmemiştir?,Paragrafta Anlam,Paragraf
2017_ALES_Ilkbahar,page_46.png,27,"Bu parçada ""kirli veriler"" olarak ifade edilen verilerin niteliklerinden hangilerine uygun olduğu söylenebilir? I. amaca hizmet etmeyen, II. kasıtlı olarak üretilmiş, III. virüs yazılımı barındıran",Paragrafta Anlam,Paragraf
2017_ALES_Ilkbahar,page_46.png,28,Bu parçadan hareketle Google ile ilgili olarak aşağıdakilerden hangisi söylenebilir?,Paragrafta Anlam,Paragraf
2017_ALES_Ilkbahar,page_47.png,29,Bu parçadaki altı çizili sözle anlatılmak istenen aşağıdakilerden hangisidir?,Paragrafta Anlam,Paragraf
2017_ALES_Ilkbahar,page_47.png,30,Yukarıdakilerden hangileri Oğuz Atay'ın 'tutunamayanlar' tipine örnek oluşturur?,Paragrafta Anlam,Paragraf
2017_ALES_Ilkbahar,page_47.png,31,Bu parçada Oğuz Atay'la ilgili olarak aşağıdakilerden hangisine değinilmiştir?,Paragrafta Anlam,Paragraf
2017_ALES_Ilkbahar,page_47.png,32,Bu parçada sözü edilen Hikmet Benol'un hayat bilgisi ansiklopedisi aşağıdakilerin hangisiyle nitelendirilebilir?,Paragrafta Anlam,Paragraf
2017_ALES_Ilkbahar,page_48.png,33,"Çinekop, levrek, mercan balıklarından hangileri ızgarada pişirilmiş olabilir?",Sözel Mantık,Yeni Nesil Mantık
2017_ALES_Ilkbahar,page_48.png,34,Aşağıdaki balıklardan hangileri kesin olarak farklı şekillerde pişirilmiştir?,Sözel Mantık,Yeni Nesil Mantık
2017_ALES_Ilkbahar,page_48.png,35,"Jale'nin çinekop aldığı biliniyorsa; Ahmet'in ızgarada pişirdiği balığın türü, Gözde'nin tavada pişirdiği balığın türü, Jale'nin ızgarada pişirdiği balığın türü bilgilerinden hangilerine kesin olarak ulaşılabilir?",Sözel Mantık,Yeni Nesil Mantık
2017_ALES_Ilkbahar,page_48.png,36,Boş bırakılan yere hangi balık çifti getirildiğinde Ahmet'in ızgarada pişirdiği balığın türü kesin olarak bilinebilir?,Sözel Mantık,Yeni Nesil Mantık
2017_ALES_Ilkbahar,page_49.png,37,"Behiç, Cavidan veya Derya'dan hangileri üç numaralı koltukta oturuyor olabilir?",Sözel Mantık,Yeni Nesil Mantık
2017_ALES_Ilkbahar,page_49.png,38,Aşağıdaki ifadelerden hangisi kesin olarak doğrudur?,Sözel Mantık,Yeni Nesil Mantık
2017_ALES_Ilkbahar,page_49.png,39,"Cavidan, Derya veya Emre'den hangileri dokuz numaralı koltukta oturuyor olabilir?",Sözel Mantık,Yeni Nesil Mantık
2017_ALES_Ilkbahar,page_49.png,40,Behiç ve Derya'nın arasında iki koltuk bulunduğu biliniyorsa aşağıdakilerden hangisi doğrudur?,Sözel Mantık,Yeni Nesil Mantık
2017_ALES_Sonbahar,page_3.png,1,11 / (5/4 + 3/2) işleminin sonucu kaçtır?,Rasyonel Sayılar,Salt İşlem
2017_ALES_Sonbahar,page_3.png,2,(6^4 - 9^2) / 3^3 işleminin sonucu kaçtır?,Üslü Sayılar,Salt İşlem
2017_ALES_Sonbahar,page_3.png,3,sqrt(18) / (sqrt(50) + 2/sqrt(2)) işleminin sonucu kaçtır?,Köklü Sayılar,Salt İşlem
2017_ALES_Sonbahar,page_3.png,4,((7! + 8!) * 8) / ((5! + 6!) * 6) işleminin sonucu kaçtır?,Faktöriyel,Salt İşlem
2017_ALES_Sonbahar,page_4.png,5,"A, B ve C birer rakam olmak üzere, AA8 - B4A = CCC olduğuna göre, A + B + C toplamı kaçtır?",Basamak Analizi,Salt İşlem
2017_ALES_Sonbahar,page_4.png,6,"a, b ve c gerçek sayıları için a² < a < b - c < a • c olduğuna göre, aşağıdaki sıralamalardan hangisi doğrudur?",Eşitsizlikler,Salt İşlem
2017_ALES_Sonbahar,page_4.png,7,"a ve b birer tam sayı olmak üzere, (a + 1)² - (b - 1)² ifadesi bir tek sayıdır. Buna göre, I. a tek sayıdır. II. a - b tek sayıdır. III. a • b tek sayıdır. ifadelerinden hangileri her zaman doğrudur?",Tek ve Çift Sayılar,Salt İşlem
2017_ALES_Sonbahar,page_4.png,8,"x pozitif bir tam sayı olmak üzere, (x + 9) / 4 ≥ x eşitsizliğini sağlayan x değerlerinin toplamı kaçtır?",Eşitsizlikler,Salt İşlem
2017_ALES_Sonbahar,page_5.png,9,"a, b ve c gerçek sayıları için a - b = 3, a + 2c = 6, a + 2b - 2c = 8 olduğuna göre, a + b + c toplamı kaçtır?",Doğrusal Denklem Sistemleri,Salt İşlem
2017_ALES_Sonbahar,page_5.png,10,"x gerçel sayısı için (2^(x+2) - 2^(x+1)) / 4^(x+3) = 4 olduğuna göre, x kaçtır?",Üslü Sayılar,Salt İşlem
2017_ALES_Sonbahar,page_5.png,11,"Sıfırdan farklı a ve b gerçel sayıları için |a/2| = -a·b ve |b/a| = 5·b eşitlikleri veriliyor. Buna göre, a + b toplamı kaçtır?",Mutlak Değer,Salt İşlem
2017_ALES_Sonbahar,page_5.png,12,"A ⊂ B ⊂ C olmak üzere, A, B ve C kümelerinin eleman sayılarıyla ilgili s(C \ B) = s(B \ A) = s(A) ve s(C) = 36 eşitlikleri veriliyor. Buna göre, B kümesinin eleman sayısı kaçtır?",Kümeler,Problemler
2017_ALES_Sonbahar,page_6.png,13,"İki basamaklı AB doğal sayısının iki basamaklı 1A doğal sayısına bölümünden elde edilen bölüm B, kalan ise 0'dır. Buna göre, AB sayısının alabileceği en küçük ve en büyük değerlerin toplamı kaçtır?",Sayı Basamakları,Problemler
2017_ALES_Sonbahar,page_6.png,14,"Pozitif gerçek sayılar kümesi üzerinde tanımlanan bir ♦ işlemi (a ♦ b) = (a+b)/(a*b) eşitliğini sağlıyor. Buna göre, 3 ♦ 4 işleminin sonucu kaçtır?",İşlem Tanımı,Salt İşlem
2017_ALES_Sonbahar,page_6.png,15,"Aralarında asal olmayan iki pozitif tam sayının ikisini de bölen en büyük asal sayı p ise bu iki sayıya 'aralarında p-asal sayı' denir. Buna göre, 70 sayısı ile aralarında 5-asal sayı olan iki basamaklı kaç farklı doğal sayı vardır?",Asal Sayılar,Yeni Nesil Mantık
2017_ALES_Sonbahar,page_6.png,16,"Rakamları toplamı 18 olan üç basamaklı ABC doğal sayısının, birler ve yüzler basamağındaki rakamlarının aritmetik ortalaması onlar basamağındaki rakama eşittir. Bu koşulu sağlayan kaç farklı ABC sayısı vardır?",Sayı Basamakları,Problemler
2017_ALES_Sonbahar,page_7.png,17,"Bir manavın 50 adet küçük ve büyük boy mısırı vardır. Küçük boy mısırları 4 TL'den, büyük boy mısırları 6 TL'den satılıyor. Küçük boy mısırları 5 TL'den satsaydı 20 TL daha fazla gelir elde edeceği hesaplanmıştır. Buna göre, manavın sattığı küçük boy mısırı sayısı kaçtır?",Problemler,Problemler
2017_ALES_Sonbahar,page_7.png,18,"3 km uzunluğundaki bir tünelin içinde olan Emre, tünelin iki ucundan birine doğru sabit hızla yürüyor. Bulunduğu konumdan tünelin yakın ucuna ulaşması 6 dakika, uzak ucuna ulaşması ise 18 dakika sürüyor. Buna göre, Emre'nin yürüme hızı saatte kaç kilometredir?",Hız Problemleri,Problemler
2017_ALES_Sonbahar,page_7.png,19,"19AB yılında doğan Ayşe'nin doğum yılının rakamları toplamı, Banu'nun 2016 yılındaki yaşına eşittir. Banu doğduğunda Ayşe 5 yaşında olduğuna göre, Banu'nun doğum yılı kaçtır?",Yaş Problemleri,Problemler
2017_ALES_Sonbahar,page_7.png,20,"Bir üniversitede verilen A ve B seçmeli dersleri ile ilgili bilgiler: Bu dersleri sadece matematik ve fizik bölümü öğrencileri almaktadır. A dersini alan matematik öğrencilerinin sayısı, B dersini alan matematik öğrencilerinin sayısının 3 katıdır. B dersini alan fizik öğrencilerinin sayısı, A dersini alan fizik öğrencilerinin sayısının 4 katıdır. A ve B dersini alan öğrenci sayıları birbirine eşittir. B dersini fizik bölümünden 40 öğrenci aldığına göre, A dersini matematik bölümünden kaç öğrenci almaktadır?",Denklem Kurma Problemleri,Problemler
2017_ALES_Sonbahar,page_8.png,21,"Bir odada bulunan koku cihazı, bir gün içerisinde ilk püskürtmeyi 06:30'da ve sonuncuyu 20:45'te olmak üzere, odaya eşit zaman aralıklarıyla toplam 20 kere koku püskürtüyor. Buna göre, bu püskürtmelerin kaçı saat başlarında olur?",Zaman Problemleri,Problemler
2017_ALES_Sonbahar,page_8.png,22,"Yarısı su ile dolu olan bir kabın altına, yine yarısı su ile dolu olan başka bir kap şekildeki gibi konulmuştur. Bu kaplardan altta olan kap, üstte olan kaptan taşan su ile dolmaktadır. Üstteki kaba 40 litre su eklendiğinde alttaki kaptan 5 litre su taştığı, 15 litre su eklendiğinde ise alttaki kabın 2/5'inin boş kaldığı gözlemlenmiştir. Buna göre, üstteki kabın tamamı kaç litre su almaktadır?",Hacim Problemleri,Problemler
2017_ALES_Sonbahar,page_8.png,23,"Bir çekilişte toplam 10 bilet satılacak ve bu biletlerden 4'üne birer hediye çıkacaktır. Her bilete hediye çıkma olasılığı eşittir. Buna göre, bir kişinin aldığı 3 bilete 2 hediye çıkma olasılığı kaçtır?",Olasılık,Problemler
2017_ALES_Sonbahar,page_8.png,24,"Bir eğitim kurumunun iki dönemden oluşan bir kurs programıyla ilgili aşağıdakiler bilinmektedir: 1. dönem toplam 7 ders, 2. dönem ise toplam 5 ders açılmıştır. 1. dönem açılan derslerden 3'ünün, 2. dönem ise açılan derslerden 2'sinin kursa katılan tüm öğrenciler tarafından alınması zorunludur. Kursu tamamlamak isteyen bir öğrencinin, bu iki dönem sonunda zorunlu derslerle birlikte toplam 8 ders alması gerekmektedir. Buna göre, bu kursa katılan bir öğrenci kursu tamamlamak için kaç farklı ders seçimi yapabilir?",Kombinasyon,Problemler
2017_ALES_Sonbahar,page_9.png,25,Ercan'ın A gazetesine 80 kelimelik ilan vermesi durumunda ödeyeceği tutar.,Sayı Problemleri,Problemler
2017_ALES_Sonbahar,page_9.png,26,Sercan'ın A ve B gazetelerine aynı sayıda kelimeyle ilan verip toplam 250 TL ödemesi durumunda B gazetesindeki kelime sayısı.,Sayı Problemleri,Problemler
2017_ALES_Sonbahar,page_9.png,27,"Bilye sayılarının ve toplam ağırlıklarının dağılımını gösteren grafiklere göre, yeşil bilyelerin toplam ağırlığı sarıdan 60 gram fazla ise mavi bilyelerin toplam ağırlığı.",Grafik Problemleri,Tablo/Grafik Okuma
2017_ALES_Sonbahar,page_9.png,28,"Bilye sayılarının ve toplam ağırlıklarının dağılımını gösteren grafiklere göre, yeşil bilyelerin toplam ağırlığı bir sarı ile bir mavi bilyenin ağırlığının 15 katı ise toplam bilye sayısı.",Grafik Problemleri,Tablo/Grafik Okuma
2017_ALES_Sonbahar,page_10.png,29,"Ece ve Can 18 toprak maçı daha yapıyor, toprak zemindeki galibiyet yüzdeleri değişmiyor. Son durumda Ece'nin tüm maçlardaki galibiyet yüzdesi kaçtır?",Yüzde Problemleri,Tablo/Grafik Okuma
2017_ALES_Sonbahar,page_10.png,30,Can'ın hem toprak hem de çim zemindeki galibiyet yüzdesinin %80 olması için yapması gereken toplam maç sayısı en az kaçtır?,Yüzde Problemleri,Tablo/Grafik Okuma
2017_ALES_Sonbahar,page_11.png,31,"Verilen 4x4 tabloya göre x, y ve z değerlerinin toplamını bulunuz.",Sayısal Mantık,Yeni Nesil Mantık
2017_ALES_Sonbahar,page_11.png,32,Verilen 4x4 tabloya göre x ve y değerlerinin toplamını bulunuz.,Sayısal Mantık,Yeni Nesil Mantık
2017_ALES_Sonbahar,page_11.png,33,"Verilen 4x4 tablo ve kurallara göre I, II ve III numaralı hücrelere gelecek renkleri bulunuz.",Sayısal Mantık,Yeni Nesil Mantık
2017_ALES_Sonbahar,page_12.png,34,"C, F ve H borularının tıkalı, diğer boruların açık olduğu durumda, 1'inci kattan 7'nci kata hangi katlara uğramadan gidilebilir?",Sözel Mantık,Tablo/Grafik Okuma
2017_ALES_Sonbahar,page_12.png,35,"2'nci kattan yalnızca 4, 5 ve 6'ncı katlara geçiş mümkün olduğuna göre, açık olan borular hangisidir?",Sözel Mantık,Tablo/Grafik Okuma
2017_ALES_Sonbahar,page_12.png,36,Dokuz borudan en fazla kaç tanesi tıkalıyken her bir kattan diğer tüm katlara geçiş yine mümkün olur?,Sözel Mantık,Tablo/Grafik Okuma
2017_ALES_Sonbahar,page_13.png,37,"Verilen algoritmanın x=2, y=3, z=4 değerleri ile çalıştırılması sonucunda ekrana yazılan S değeri kaçtır?",Algoritma Analizi,Yeni Nesil Mantık
2017_ALES_Sonbahar,page_13.png,38,"Verilen algoritmanın çalıştırılması sonucunda ekrana S=3 değeri yazıldığına göre, başlangıçtaki x tam sayısının alabileceği değerler toplamı kaçtır?",Algoritma Analizi,Yeni Nesil Mantık
2017_ALES_Sonbahar,page_13.png,39,"Verilen algoritma 4. adıma hiçbir zaman geçemediğine göre, x, y ve z sayıları ile ilgili verilen ifadelerden hangileri her zaman doğrudur?",Algoritma Analizi,Yeni Nesil Mantık
2017_ALES_Sonbahar,page_14.png,40,"Verilen şekle göre 1'den 6'ya kadar olan sayıların, bir hücredeki sayı okla gösterdiği hücredeki sayıyı tam bölmeyecek şekilde yerleştirildiği bir düzende, a + b toplamı kaçtır?",Sayısal Mantık,Yeni Nesil Mantık
2017_ALES_Sonbahar,page_14.png,41,"Verilen şekle göre 1'den 6'ya kadar olan sayıların, bir hücredeki sayı okla gösterdiği hücredeki sayıyı tam bölmeyecek şekilde yerleştirildiği bir düzende, x + y + z toplamı en az kaçtır?",Sayısal Mantık,Yeni Nesil Mantık
2017_ALES_Sonbahar,page_14.png,42,"Verilen şekle göre 1'den 6'ya kadar olan sayıların, bir hücredeki sayı okla gösterdiği hücredeki sayıyı tam bölmeyecek şekilde yerleştirildiği bir düzende, kaç farklı yerleştirme yapılabilir?",Sayısal Mantık,Yeni Nesil Mantık
2017_ALES_Sonbahar,page_15.png,43,"İkizkenar üçgen, doğrusal noktalar ve eşit açılar verilen bir geometri sorusunda x açısının bulunması.",Geometri (Üçgenler ve Açılar),Problemler
2017_ALES_Sonbahar,page_15.png,44,Düzgün beşgen içinde verilen eşit kenar uzunlukları ve noktalarla oluşan bir açının (x) bulunması.,Geometri (Düzgün Çokgenler ve Açılar),Problemler
2017_ALES_Sonbahar,page_15.png,45,"Dikdörtgen içinde verilen eşit kenar uzunlukları, kesişen köşegen ve doğru parçası ile bir uzunluk (DF=10) bilgileri kullanılarak dikdörtgenin alanının bulunması.","Geometri (Dikdörtgenler, Benzerlik)",Problemler
2017_ALES_Sonbahar,page_15.png,46,"İki kare ve doğrusal noktalarla oluşturulan bir düzenekte, verilen uzunluklar (CG=25, AF=40) kullanılarak GEC üçgeninin alanının bulunması.","Geometri (Kareler, Üçgen Alanı)",Problemler
2017_ALES_Sonbahar,page_16.png,47,"AB kenar uzunluğu 6 birim ve bir köşegen uzunluğu 12 birim olan bir ABCD dikdörtgeni çiziliyor. Sonra bu dikdörtgenin A köşesi, B köşesi ve köşegenlerinin kesişim noktasından geçen çember çiziliyor. Buna göre, çizilen çemberin sınırladığı dairesel bölgenin alanı kaç birimkaredir?","Geometri (Dikdörtgen, Çember)",Problemler
2017_ALES_Sonbahar,page_16.png,48,"Bir zeytinyağı üreticisi, elde ettiği zeytinyağının, taban ayrıtı 4 birim ve yüksekliği 6 birim olan kare dik prizma şeklindeki 25 adet özdeş tenekeyi tam olarak dolduracak miktarda olduğunu hesaplamıştır. Bunun üzerine, bu boyutlarda 25 adet özdeş teneke satın almış ve zeytinyağını tenekelere sırasıyla doldurmaya başlamıştır. Ancak, bu üretici 10 adet tenekeyi tamamen doldurduktan sonra tenekelerin taban ayrıtlarının 5 birim olduğunu fark etmiş ve geriye kalan zeytinyağını boş tenekelere, her birinde eşit miktarda olacak şekilde doldurmuştur. Boş tenekeler doldurulduğunda bu tenekelerdeki zeytinyağı yüksekliği kaç birimdir?",Hacim Problemleri (Dik Prizma),Problemler
2017_ALES_Sonbahar,page_16.png,49,"Bir köşesi A noktası olarak belirlenen kare şeklinde bir kağıt yukarıda gösterilen biçimde 2 defa katlandıktan sonra şekildeki gibi köşegen boyunca makasla kesiliyor. Buna göre, son durumda kaç parça kağıt oluşur?",Şekil Yeteneği (Kağıt Katlama ve Kesme),Yeni Nesil Mantık
2017_ALES_Sonbahar,page_16.png,50,"Her iki tarafı da beyaz olan kartondan bir küp yapılıyor ve bu küpün bazı yüzlerinin tamamı veya bir kısmı maviye boyanıyor. Boyama yapıldıktan sonra küpün açınımı aşağıda gösterilmiştir. Buna göre, aşağıdakilerden hangisi bu küpün bir görünümüdür?",Şekil Yeteneği (Küp Açınımı ve Görünümleri),Yeni Nesil Mantık
2017_ALES_Sonbahar,page_17.png,1,"Psikoterapi, psikolojik ---- olan kişilere, bunların ne olduğunu anlamaları, kökenleri hakkında bir fikir ---- ve bunlara uygun çözüm yolları bulmaları için öneriler ---- her türlü yöntemi kapsar.",Paragrafta Anlam,Paragraf
2017_ALES_Sonbahar,page_17.png,2,"Günümüzde, pek çok güzel geleneğin bir bir yok olduğuna şahit oluyoruz. Bu açıdan bakıldığında, Ramazan pidesinin hâlâ hayatımızda var olması pek çoğumuz için bir mutluluk sebebi. Ancak bu güzel lezzete sadece Ramazan ayında kavuşabiliyoruz. Ramazan pidesi, işçiliğinin zorluğu, malzemelerinin özel olması, çabuk bayatlaması gibi nedenlerle seri üretime uygun değil. Aslında bana sorarsanız böylesi daha iyi çünkü ----.",Paragrafta Anlam,Paragraf
2017_ALES_Sonbahar,page_17.png,3,"Dil, durağan bir yapıya sahip olmadığından sürekli bir değişim içindedir. Bilindiği gibi dilin en renkli, en hareketli kullanımı sokakta, ---- gerçekleşmektedir. Günlük konuşmalarımızda, yazıya geçmeyen binbir değişiklik, canlılık söz konusudur. Günlük dildeki ---- kullanımlar yazıya geçmediğinden dilin bu şekildeki kullanımına ilişkin belirlemelerde bulunmak çok zordur.",Paragrafta Anlam,Paragraf
2017_ALES_Sonbahar,page_17.png,4,"Karşılaşılan iki karıncanın durup birbirlerini incelediklerine tanık olmuşsunuzdur. Antenleriyle birbirlerinin kokusunu almaya çalışan bu karıncalar, aslında ----. Karıncaların kabuklarında birtakım kompleks hidrokarbon karışımları vardır. Bu kimyasalları koklayarak başka koloniden olanları ayırt ettikleri gibi, kendi kolonilerinin işçi veya kraliçe gibi farklı üyelerini de tanırlar.",Paragrafta Anlam,Paragraf
2017_ALES_Sonbahar,page_18.png,5,"Uyku araştırmalarının öncülerinden Nathaniel Kleitman, öğrencisi Eugene Aserinsky ile birlikte Chicago Üniversitesi'nde 1953'te yaptığı araştırmalar sonucunda uykunun, beyin etkinliğinin büyük ölçüde durakladığı bir durumdan ibaret olduğu yönündeki genel kanıyı yıktı.",Paragrafta Anlam,Paragraf
2017_ALES_Sonbahar,page_18.png,6,Çad’daki Zakouma Ulusal Parkı’nda sonu gelmeyen fil dişi kaçakçılığını ve bu amaçla fillerin avlanmasını önlemek üzere devriye gezen dört adet atlı bekçi ekibi var.,Paragrafta Anlam,Paragraf
2017_ALES_Sonbahar,page_18.png,7,Avrupa Birliği’nin (AB) şimdiye kadarki en önemli projelerinden biri olan İnsan Beyni Projesi’nin amacı insan beyninin haritasını çıkarmaktan çok çalışma şeklini anlayarak yaşlıların hayatını zorlaştıran Parkinson gibi sinir hastalıklarının nasıl oluştuğunu belirlemek ve bunlara çare bulunmasını sağlamaktır.,Paragrafta Anlam,Paragraf
2017_ALES_Sonbahar,page_18.png,8,Yukarıdaki sözler anlamlı ve kurallı bir cümle oluşturacak biçimde sıralandığında hangisi baştan dördüncü olur?,Cümle Oluşturma,Paragraf
2017_ALES_Sonbahar,page_19.png,9,Yukarıdaki sözler anlamlı ve kurallı bir cümle oluşturacak biçimde sıralandığında hangisi baştan beşinci olur?,Sözel Mantık,Problemler
2017_ALES_Sonbahar,page_19.png,10,Yukarıdaki cümleler anlamlı bir bütün oluşturacak biçimde sıralandığında hangisi baştan üçüncü olur?,Paragrafta Anlam,Paragraf
2017_ALES_Sonbahar,page_19.png,11,Yukarıdaki cümleler anlamlı bir bütün oluşturacak biçimde sıralandığında hangisi baştan dördüncü olur?,Paragrafta Anlam,Paragraf
2017_ALES_Sonbahar,page_20.png,12,Verilen cümlelerin anlamlı bir bütün oluşturacak biçimde sıralanması için hangi ikisinin birbiriyle yer değiştirmesi gerektiği bulunuz. (Konu: Yüzme teknikleri),Paragrafta Anlam,Paragraf
2017_ALES_Sonbahar,page_20.png,13,Verilen cümlelerin anlamlı bir bütün oluşturacak biçimde sıralanması için hangi ikisinin birbiriyle yer değiştirmesi gerektiği bulunuz. (Konu: Felsefi bir konuda cümle sıralama),Paragrafta Anlam,Paragraf
2017_ALES_Sonbahar,page_20.png,14,"Numaralanmış cümlelerden hangisinin, parçanın anlam bütünlüğünü bozduğunu bulunuz. (Konu: Tiyatronun eğitime katkıları)",Paragrafta Anlam,Paragraf
2017_ALES_Sonbahar,page_20.png,15,"Numaralanmış cümlelerden hangisinin, parçanın anlam bütünlüğünü bozduğunu bulunuz. (Konu: Alzheimer hastalığı)",Paragrafta Anlam,Paragraf
2017_ALES_Sonbahar,page_21.png,16,"Paragraftaki numaralı cümlelerden hangisinin, 'insan hakları anlayışı ışığında yaşama anlam vermek' ana fikriyle bağdaşmadığı sorulmaktadır.",Paragrafta Anlam,Paragraf
2017_ALES_Sonbahar,page_21.png,17,Altı çizili 'anlama makyaj yapmak' sözünün çeşitli anlatım tekniklerindeki tekdüzelikten kaynaklanan kusurları giderme bağlamında ne anlama gelemeyeceği sorulmaktadır.,Sözcükte Anlam,Paragraf
2017_ALES_Sonbahar,page_21.png,18,Metinde 'beyaz tehlike' olarak adlandırılan endüstriyel gelişmelerin bu ismi almasının sebebinin ne olduğu sorulmaktadır.,Paragrafta Anlam,Paragraf
2017_ALES_Sonbahar,page_21.png,19,"Yazarın, geçmişine ait bazı şeyleri (aşklarını, sevgililerini) neden 'arşiv dışı' tuttuğunun sebebi sorulmaktadır.",Paragrafta Anlam,Paragraf
2017_ALES_Sonbahar,page_22.png,20,"Yeni beslenme programları ve diyet ürünleri olmasına rağmen obezitenin artmaya devam etmesi, bu sözlerin hangi soruya karşılık söylendiğini düşündürmektedir.",Paragrafta Anlam,Paragraf
2017_ALES_Sonbahar,page_22.png,21,"Resimlerin bir şeyi anımsatmamasının, kişinin algısını kelepçelememesinin ve ressamın ne anlatmak istediğinin önemi olmamasının anlatıldığı parçadan yazarın ne söylemesi beklendiği sorgulanmaktadır.",Paragrafta Anlam,Paragraf
2017_ALES_Sonbahar,page_22.png,22,"The Beach Boys grubunun kuruluşu, Britanya İstilası'na karşı duruşu ve Brian Wilson'ın The Beatles albümünden etkilenimi hakkında verilen bilgilerden hareketle çıkarım yapılması istenmektedir.",Paragrafta Anlam,Paragraf
2017_ALES_Sonbahar,page_23.png,23,Verilen parçada vurgulanan düşünce aşağıdakilerden hangisidir?,Paragrafta Anlam,Paragraf
2017_ALES_Sonbahar,page_23.png,24,II numaralı parçanın I numaralı parçayla ilişkisini aşağıdakilerden hangisi açıklar?,Paragrafta Yapı,Paragraf
2017_ALES_Sonbahar,page_24.png,25,Agorafobi ile ilgili paragrafta değinilmeyen yargıyı bulunuz.,Paragrafta Anlam,Paragraf
2017_ALES_Sonbahar,page_24.png,26,Beyoğlu'ndaki pasajlar ile ilgili paragrafta değinilmeyen yargıyı bulunuz.,Paragrafta Anlam,Paragraf
2017_ALES_Sonbahar,page_25.png,27,Bu parçada aşağıdakilerden hangisine değinilmemiştir?,Paragrafta Anlam,Paragraf
2017_ALES_Sonbahar,page_25.png,28,Bu parçada altı çizili sözle anlatılmak istenen aşağıdakilerden hangisidir?,Paragrafta Anlam,Paragraf
2017_ALES_Sonbahar,page_26.png,29,Parçada sözü edilen yazarların özelliklerinden hangisi söylenebilir?,Paragrafta Anlam,Paragraf
2017_ALES_Sonbahar,page_26.png,30,Yazarın yukarıdaki ifadelerden hangilerini söylemesi beklenmez?,Paragrafta Anlam,Paragraf
2017_ALES_Sonbahar,page_26.png,31,"Parçada sözü edilen ""yaratıcı çeviri""nin tanımı nedir?",Paragrafta Anlam,Paragraf
2017_ALES_Sonbahar,page_26.png,32,Parçada yaratıcı çeviriyle ilgili olarak aşağıdakilerden hangisine değinilmemiştir?,Paragrafta Anlam,Paragraf
2017_ALES_Sonbahar,page_27.png,33,Bu sözler aşağıdaki sorulardan hangisine karşılık olarak söylenmiş olabilir?,Paragrafta Anlam,Paragraf
2017_ALES_Sonbahar,page_27.png,34,Bu parçada aşk ile ilgili olarak aşağıdakilerden hangisine değinilmemiştir?,Paragrafta Anlam,Paragraf
2017_ALES_Sonbahar,page_27.png,35,Bu parçadaki “bir tohumdan ormanlar yeşertmek” sözü ile âşık insanın hangi yönü vurgulanmaktadır?,Paragrafta Anlam,Paragraf
2017_ALES_Sonbahar,page_28.png,36,Parçada bahsedilen “tanıdıklık yönü” denilen sistemin işlemesinde aşağıdakilerden hangisinin etkisi olamaz?,Paragrafta Anlam,Paragraf
2017_ALES_Sonbahar,page_28.png,37,Bu parçada aşağıdakilerden hangisine değinilmiştir?,Paragrafta Anlam,Paragraf
2017_ALES_Sonbahar,page_28.png,38,Bu parçaya göre yukarıda sıralanan durumlardan hangileri “tanıdıklık yönü”nün sağlıklı bir şekilde işlediğini kanıtlar?,Paragrafta Anlam,Paragraf
2017_ALES_Sonbahar,page_29.png,39,Bu parçadan hareketle aşağıdaki yargıların hangisine ulaşılamaz?,Paragrafta Anlam,Paragraf
2017_ALES_Sonbahar,page_29.png,40,Bu parçada geçen “rakam sırasıyla boyama” ifadesiyle bilimin hangi niteliği vurgulanmıştır?,Paragrafta Anlam,Paragraf
2017_ALES_Sonbahar,page_29.png,41,Bu parçadan hareketle aşağıdaki genellemelerden hangisine ulaşılabilir?,Paragrafta Anlam,Paragraf
2017_ALES_Sonbahar,page_30.png,42,Aşağıdaki yargılardan hangisi bu parçanın ana düşüncesiyle örtüşür?,Paragrafta Anlam,Paragraf
2017_ALES_Sonbahar,page_31.png,43,Japonca sözlüğün son yerinde hemen yanında hangi sözlükler olabilir?,Sözel Mantık,Yeni Nesil Mantık
2017_ALES_Sonbahar,page_31.png,44,Son durumda üst üste duran sözlük çifti hangisi olabilir?,Sözel Mantık,Yeni Nesil Mantık
2017_ALES_Sonbahar,page_31.png,45,İlk veya son yerlerinde yan yana gelemeyecek sözlükler hangileridir?,Sözel Mantık,Yeni Nesil Mantık
2017_ALES_Sonbahar,page_31.png,46,İtalyanca sözlüğü son yerinde Arapça ve Latince arasında ise hangi ifade yanlıştır?,Sözel Mantık,Yeni Nesil Mantık
2017_ALES_Sonbahar,page_32.png,47,"Latife, A, B, E makalelerinden hangilerinin sırasını doğru tahmin etmiş olabilir?",Sözel Mantık,Yeni Nesil Mantık
2017_ALES_Sonbahar,page_32.png,48,"Aşağıdaki makalelerden hangisi, dergide diğerlerinden daha sonra yer almaktadır?",Sözel Mantık,Yeni Nesil Mantık
2017_ALES_Sonbahar,page_32.png,49,Aşağıdakilerden hangisi kesin olarak doğrudur?,Sözel Mantık,Yeni Nesil Mantık
2017_ALES_Sonbahar,page_32.png,50,"Dergide A makalesinin, F makalesinden sonra yer aldığı biliniyorsa aşağıdakilerden hangisi doğrudur?",Sözel Mantık,Yeni Nesil Mantık
ALES1_sorular,page_3.png,1,(2 - 3/4) / (3 + 1/5) * 8/25 işleminin sonucu kaçtır?,Rasyonel Sayılar,Salt İşlem
ALES1_sorular,page_3.png,2,(2^7 + 4^3) / (8^3 + 16^2) işleminin sonucu kaçtır?,Üslü Sayılar,Salt İşlem
ALES1_sorular,page_3.png,3,√24 / (√32 / √3 - √6) işleminin sonucu kaçtır?,Köklü Sayılar,Salt İşlem
ALES1_sorular,page_3.png,4,2 / (3 - 1/(2 - 1/2)) işleminin sonucu kaçtır?,Rasyonel Sayılar,Salt İşlem
ALES1_sorular,page_4.png,5,"A, B ve C birer rakam olmak üzere, A5B - CA3 = B79 olduğuna göre, A + B + C toplamı kaçtır?",Basamak Analizi,Salt İşlem
ALES1_sorular,page_4.png,6,"a, b ve c gerçel sayılar için b + c < 0 < a + b < c olduğuna göre, aşağıdaki sıralamalardan hangisi doğrudur?",Eşitsizlikler,Salt İşlem
ALES1_sorular,page_4.png,7,"3x-1/2 - 4x-3/3 = x+4/4 olduğuna göre, x gerçel sayısı kaçtır?",Birinci Dereceden Denklemler,Salt İşlem
ALES1_sorular,page_4.png,8,"a, b ve c birer tam sayı olmak üzere, a + b/c ifadesi bir çift tam sayıdır. a çift tam sayı olduğuna göre, I. a - b II. a + b + c III. b + c ifadelerinden hangileri her zaman çift sayıdır?",Tek-Çift Sayılar,Salt İşlem
ALES1_sorular,page_5.png,9,1 < (√a+1)/2 < 4/(√a+1) eşitsizliğini sağlayan a tam sayılarının toplamı kaçtır?,Eşitsizlikler,Salt İşlem
ALES1_sorular,page_5.png,10,|a + 12| = 2a ve |b - a| = 2b eşitliklerini sağlayan a ve b gerçel sayıları için a + b toplamı kaçtır?,Mutlak Değer,Salt İşlem
ALES1_sorular,page_5.png,11,(3^6 - 5 * 3^4) / 3^n = 36 eşitliğini sağlayan n gerçel sayısı kaçtır?,Üslü Sayılar,Salt İşlem
ALES1_sorular,page_5.png,12,f((x+2)/2) = x^a + 1 ve f(2a) = 17 eşitliklerini sağlayan a değeri kaçtır?,Fonksiyonlar,Salt İşlem
ALES1_sorular,page_6.png,13,"A, B ve C kümeleri için s(A)=s(C)=12, s(A∩C)=0, s(A∪B∪C)=27 eşitlikleri veriliyor. B \ (A ∪ C) kümesinin eleman sayısı kaçtır?",Kümeler,Salt İşlem
ALES1_sorular,page_6.png,14,Üç basamaklı ABC doğal sayısı 9'a ve üç basamaklı CBA doğal sayısı 5'e tam bölünmektedir. Bu koşulu sağlayan kaç farklı ABC doğal sayısı vardır?,Sayı Basamakları ve Bölünebilme Kuralları,Problemler
ALES1_sorular,page_6.png,15,"A bir basamaklı, AB iki basamaklı ve AAB üç basamaklı doğal sayılardır. Bu üç sayının toplamı 974 olduğuna göre, A•B çarpımı kaçtır?",Sayı Basamakları,Salt İşlem
ALES1_sorular,page_6.png,16,"Bir balıkçı dükkanındaki bir kasa hamsinin tamamı; kilogramı 30 TL'den satılırsa 128 TL kâr, kilogramı 20 TL'den satılırsa 92 TL zarar ediliyor. Buna göre, bu kasada kaç kilogram hamsi vardır?",Kar Zarar Problemleri,Problemler
ALES1_sorular,page_7.png,17,"Beyza doğduğunda Ceren'in 8 yaşında, Ayşe doğduğunda ise Beyza ve Ceren'in yaşları toplamının 14 olduğu bilgileriyle, Beyza'nın Ayşe'den kaç yaş büyük olduğu soruluyor.",Yaş Problemleri,Problemler
ALES1_sorular,page_7.png,18,"12 eşit taksitle alınan buzdolabının ilk 2 taksitinin %40 fazla ödenmesi ve kalan 10 taksitin eşit olarak düşürüldüğünde her taksitin 276 TL olduğu bilgileriyle, buzdolabının toplam satış fiyatı soruluyor.",Yüzde Problemleri / Taksit Problemleri,Problemler
ALES1_sorular,page_7.png,19,"Ahmet, Berna, Ceren, Deniz ve Elif isimli 5 kişinin satranç turnuvasında rakipleri kümeler halinde verilmiş. Elif'in şampiyon olduğu bilgisiyle Elif'in rakipleri kümesi soruluyor.",Kümeler / Sözel Mantık,Yeni Nesil Mantık
ALES1_sorular,page_7.png,20,"Emre ve Mehmet'in okuldan evlerine sırasıyla 60 m/dk ve 40 m/dk hızlarla yürüdüğü, Emre'nin evinin okula uzaklığının Mehmet'inkinden 200 metre fazla olduğu ve Emre'nin Mehmet'ten 5 dakika önce vardığı bilgileriyle, Emre'nin evinin okula uzaklığı soruluyor.",Hareket Problemleri,Problemler
ALES1_sorular,page_8.png,21,Mayıs ayına ait takvimde sınav günleri işaretlenmiş. Verilen koşullara göre A sınavının tarihini bulma.,Sayısal Mantık,Yeni Nesil Mantık
ALES1_sorular,page_8.png,22,"3 farklı dairesel ve 4 farklı yıldız puldan, 1 dairesel ve 2 yıldız pul seçerek motif oluşturma yollarının sayısı.",Kombinasyon,Problemler
ALES1_sorular,page_8.png,23,Ceren'in doğum günü partisine davetli ve katılan kişi sayıları ile meyve suyu tüketimi üzerinden toplam davetli sayısını bulma.,Sayı Problemleri,Problemler
ALES1_sorular,page_8.png,24,"Ceren'in partisine tüm davetlilerin katıldığı, farklı meyve suyu tüketim oranları ve kalan meyve suyu miktarı üzerinden başlangıçta sipariş edilen meyve suyu sayısını bulma.",Kesir Problemleri,Problemler
ALES1_sorular,page_9.png,25,"Yedi topun ardışık numaralı olanları birbirine teğet olacak şekilde dizildiği bir düzende, 'x' ile belirtilen topun alabileceği farklı değerler toplamı kaçtır?",Mantık Problemleri,Yeni Nesil Mantık
ALES1_sorular,page_9.png,26,"Yedi topun ardışık numaralı olanları birbirine teğet olacak şekilde dizildiği bir düzende, 'a' ile belirtilen topun değeri kaçtır?",Mantık Problemleri,Yeni Nesil Mantık
ALES1_sorular,page_9.png,27,"Bir internet sitesindeki beş mağazanın satış fiyatları küçükten büyüğe doğru sıralandığında, kaç mağazanın sıralamadaki yeri değişir?","Tablo Okuma, Sıralama",Tablo/Grafik Okuma
ALES1_sorular,page_9.png,28,"Puanları birbirinden farklı beş mağaza puanlarına göre büyükten küçüğe sıralandığında tüm mağazaların sıralamadaki yeri değişiyorsa, B ve E mağazalarının puan farkı en az kaçtır?","Tablo Okuma, Mantık Problemleri",Problemler
ALES1_sorular,page_10.png,29,"750 litre süt gelen bir günde, belirlenen oranlara göre kaç kilogram peynir üretilir?",Oran-Orantı ve Yüzde Problemleri,Problemler
ALES1_sorular,page_10.png,30,"Günlük gelen sütün yarısının peynir yapımında kullanıldığı bir günde, mandıraya kaç litre süt geldiği (ek bilgi gereklidir)?",Oran-Orantı ve Yüzde Problemleri,Problemler
ALES1_sorular,page_10.png,31,"36 kilogram tereyağı üretildiği bir günde, mandıraya kaç litre süt gelmiştir?",Oran-Orantı ve Yüzde Problemleri,Problemler
ALES1_sorular,page_11.png,32,"Üç arkadaşın bugünkü yaş dağılımını gösteren dairesel grafikte, en büyük hariç diğer ikisinin yaş toplamı 35 ise, en büyüğün bugünkü yaşı kaçtır?",Yaş Problemleri,Problemler
ALES1_sorular,page_11.png,33,"4 yıl sonraki yaş dağılım grafiği verilmiş. Buna göre, yaşı en küçük olan kişinin bugünkü yaşı kaçtır?",Yaş Problemleri,Problemler
ALES1_sorular,page_11.png,34,Üç arkadaşın bugünkü yaşları toplamı 36'dır. Buna göre 12 yıl sonraki yaş dağılımını gösteren dairesel grafik aşağıdakilerden hangisidir?,Yaş Problemleri,Problemler
ALES1_sorular,page_12.png,35,İlk sayı 18 ise beşinci sayı kaçtır?,Mantık Yürütme,Yeni Nesil Mantık
ALES1_sorular,page_12.png,36,İlk sayı 11 ise tahtaya birbirinden farklı kaç sayı yazılmıştır?,Mantık Yürütme,Yeni Nesil Mantık
ALES1_sorular,page_12.png,37,İkinci sayı aşağıdakilerden hangisi olamaz?,Mantık Yürütme,Yeni Nesil Mantık
ALES1_sorular,page_13.png,38,"Alper 2, Betül 7, Can 9 numaralı topları çekerse oyunu kim veya kimler kazanır?",Sayılar Teorisi ve Mantık,Yeni Nesil Mantık
ALES1_sorular,page_13.png,39,"Betül 4, Can 8 numaralı topu çekmiştir. Oyunu hiç kimse kazanamadığına göre, Alper'in çekebileceği farklı topların numaraları toplamı kaçtır?",Sayılar Teorisi ve Mantık,Yeni Nesil Mantık
ALES1_sorular,page_13.png,40,"Alper 4 numaralı topu çekmiştir. Betül 1'den büyük bir top çekmiştir. Can'ın oyunu sadece kendisinin kazanabileceği bir top çekme şansının olmadığı görülmüştür. Buna göre, Betül kaç numaralı topu çekmiştir?",Sayılar Teorisi ve Mantık,Yeni Nesil Mantık
ALES1_sorular,page_14.png,41,"Verilen tablo doldurma kuralına göre, şekildeki tablonun ilk sütunundaki sayıların toplamı kaçtır?","Sayı Dizileri, Tablo Okuma",Tablo/Grafik Okuma
ALES1_sorular,page_14.png,42,"Tabloda '?' ile gösterilen ilk sütundaki a, b, c ve d sayıları birbirinden farklı ve toplamları 6 olduğuna göre, bu sütundaki sayıların toplamı en az kaçtır?","Kombinatorik, Sayı Dizileri, Tablo Okuma",Tablo/Grafik Okuma
ALES1_sorular,page_14.png,43,"Tablodaki sayılar ardışık olup z = 2y = 4x eşitliğini sağlayan x,y,z rakamları için '?' sütunundaki sayıların toplamı kaçtır?","Sayı Problemleri, Denklem Çözme, Tablo Okuma","Problemler, Tablo/Grafik Okuma"
ALES1_sorular,page_15.png,44,"ABC eşkenar üçgen, KLM ikizkenar dik üçgen, [KL] ⊥ [LM]. D noktası AB üzerinde, K noktası AC üzerinde. E noktası BC üzerinde, L noktası BC üzerinde. m(ADK) = 48°, m(CEL) = x. x kaç derecedir?",Geometri (Açılar),Salt İşlem
ALES1_sorular,page_15.png,45,"ABC eşkenar üçgeninde D, E, F noktaları kenarlar üzerinde. [AC] ⊥ [DE] ve [DE] ⊥ [EF]. |DC| = 5 birim, |DA| = 1 birim. Boyalı bölgenin alanı kaç birimkaredir?",Geometri (Alan Hesapları),Salt İşlem
ALES1_sorular,page_15.png,46,"ABCD karesinin kenar uzunluğu |AB| = 6 birim. K, L, M, N noktaları kenarlar üzerinde olup |AK| = 2 birim, |LC| = 2 birim, |CM| = 2 birim, |NA| = 2 birimdir. Boyalı bölgelerin alanları toplamı kaç birimkaredir?",Geometri (Alan Hesapları),Salt İşlem
ALES1_sorular,page_15.png,47,"ABCD dikdörtgeninde E, F, G noktaları kenarlar üzerindedir. |AE| = |EB|, |DG| / |GC| = 2/3 ve |CF| / |FB| = 2/3. EFCG dörtgeninin alanının ABCD dikdörtgeninin alanına oranı kaçtır?",Geometri (Alan Oranları),Salt İşlem
ALES1_sorular,page_15.png,48,"O merkezli yarım çemberde AB çaptır. C çember üzerinde, D ise AC üzerindedir. |AD| = 14 birim, |DC| = 2 birim, |AO| = 10 birim. |OD| = x ise x kaç birimdir?",Geometri (Çemberde Uzunluk),Salt İşlem
ALES1_sorular,page_16.png,49,"Dikdörtgenler prizmasında ortak ayrıtı olmayan yüzeylere karşıt yüzler denir. Yukarıda karşıt yüzleri aynı renk ile boyanmış olan iki dikdörtgenler prizması, ayrıt uzunlukları ile birlikte verilmiştir. Bu iki prizma birleştirilerek yeni bir dikdörtgenler prizması oluşturuluyor. Bu yeni prizma için görünümlerden hangileri doğrudur?",Uzamsal Akıl Yürütme,Yeni Nesil Mantık
ALES1_sorular,page_16.png,50,"Şekilde a, b, c, d, e ve f olarak isimlendirilen çubukların birer birer bir masanın üzerine bırakıldıktan sonraki son görünümleri verilmiştir. Buna göre, çubukların masaya ilk bırakılandan en son bırakılan çubuğa doğru sıralaması aşağıdakilerden hangileri olabilir?",Uzamsal Akıl Yürütme,Yeni Nesil Mantık
ALES1_sorular,page_17.png,1,"Sanat eylemi; insanın hissettiği bir duyguyu ---- sonra bu duyguyu başkalarının da aynen hissedebilmesi için hareket, çizgi, renk, ses veya sözcüklerle ----.",Cümlede Anlam,Paragraf
ALES1_sorular,page_17.png,2,"Bilge Karasu'nun eserleri, metnin boşluklarını okurun kendi ---- tamamlamasını gerektirdiği ve ona farklı okuma ---- sunduğu için okuma uğraşını bir tür oyuna veya serüvene dönüştürür.",Cümlede Anlam,Paragraf
ALES1_sorular,page_17.png,3,"Franz Kafka'nın Dönüşüm adlı eseri, insanın kapitalist düzendeki yerini konu alır. Kafka, odak figür Gregor Samsa'nın bir böceğe dönüşümü üzerinden insanın düzen karşısındaki çaresizliğini, sevdikleri için yapmak zorunda olduğu fedakârlıkları, ona biçilen ve yaşamak zorunda olduğu hayatı anlatır. İnsanı birey olarak görmeyen, tanımayan, asla kabul etmeyen sistem; düzen içindeki bireyi temsil eden Samsa'yı da saf dışı bırakır. ----. İçeri girerken benliklerini emanet bölümüne teslim etmiş, paranın tadını alınca da bir daha yapa uğramaz olduğu kişiler topluluğu...",Paragrafta Anlam,Paragraf
ALES1_sorular,page_18.png,4,"Çalışma hayatına dahil edilen çocukların oyun, öğrenme, dinlenme gibi temel ihtiyaçlardan mahrum bırakılması ve çeşitli işlerdeki durumları hakkında bilgi veren bir paragraftan kesin olarak çıkarılamayacak yargıyı bulma.",Paragrafta Anlam,Paragraf
ALES1_sorular,page_18.png,5,"Beyinle iletişim kurmanın yolları üzerine kurulu bir paragraftan, beynin çalışma şekli hakkında kesin olarak söylenemeyecek yargıyı bulma.",Paragrafta Anlam,Paragraf
ALES1_sorular,page_18.png,6,Ziya Osman Saba'nın 'İstanbul'u' ve 'Mesut İnsanlar Fotoğrafhanesi' eserleri hakkında verilen bir cümleden kesin olarak çıkarılabilecek yargıyı bulma.,Cümlede Anlam,Paragraf
ALES1_sorular,page_19.png,7,Endonezya'daki en eski figüratif sanat eserleri hakkında verilen metinden çıkarılabilecek veya çıkarılamayacak yargılar.,Paragrafta Anlam,Paragraf
ALES1_sorular,page_19.png,8,Marie Curie'nin bilimsel çalışmaları ve Nobel ödülleri hakkında verilen metinden çıkarılabilecek yargılar.,Paragrafta Anlam,Paragraf
ALES1_sorular,page_19.png,9,Numaralanmış sözleri anlamlı ve kurallı bir cümle oluşturacak biçimde sıralama.,Cümle Oluşturma,Sözel Mantık
ALES1_sorular,page_19.png,10,Numaralanmış sözleri anlamlı ve kurallı bir cümle oluşturacak biçimde sıralama.,Cümle Oluşturma,Sözel Mantık
ALES1_sorular,page_20.png,11,Numaralanmış cümleleri anlamlı bir bütün oluşturacak biçimde sıralandığında hangisi baştan üçüncü olur? (Satranç oynayan bir bilgisayarın hareketlerini tahmin etme üzerine),Sıralama,Paragraf
ALES1_sorular,page_20.png,12,Numaralanmış cümleler anlamlı bir bütün oluşturacak biçimde sıralandığında hangisi baştan üçüncü olur? (Margaret Mitchell'ın Rüzgar Gibi Geçti romanı üzerine),Sıralama,Paragraf
ALES1_sorular,page_21.png,13,Numaralanmış cümlelerin anlamlı bir bütün oluşturacak biçimde sıralanması için hangilerinin birbiriyle yer değiştirmesi gerektiği bulunuz. (Kubad Abad Sarayı Külliyesi),Paragrafta Anlam,Paragraf
ALES1_sorular,page_21.png,14,Numaralanmış cümlelerin anlamlı bir bütün oluşturacak biçimde sıralanması için hangilerinin birbiriyle yer değiştirmesi gerektiği bulunuz. (Schopenhauer ve Nietzsche),Paragrafta Anlam,Paragraf
ALES1_sorular,page_21.png,15,Numaralanmış cümlelerin anlamlı bir bütün oluşturacak biçimde sıralanması için hangilerinin birbiriyle yer değiştirmesi gerektiği bulunuz. (Don Kişot),Paragrafta Anlam,Paragraf
ALES1_sorular,page_21.png,16,"Numaralanmış cümlelerden hangisinin, parçanın anlam bütünlüğünü bozduğunu bulunuz. (Yazarın geçmiş yazılarını toplama çabası)",Paragrafta Anlam,Paragraf
ALES1_sorular,page_22.png,17,"Paragrafta 'karanlık fabrikalar' ve insansız üretim modeli anlatılmakta, verilen öncüllerden hangilerinin doğru olduğu sorulmaktadır.",Paragrafta Anlam,Paragraf
ALES1_sorular,page_22.png,18,"Seyahatler, mutfak kültürü ve Japon mutfağı üzerine bir metin verilmiş, metnin IV numaralı cümlesiyle ilgili bir soru sorulmaktadır.",Paragrafta Anlam,Paragraf
ALES1_sorular,page_22.png,19,"Arkeolojinin toplumdaki algısı ve medya tarafından sunuluşu üzerine bir metin verilmiş, altı çizili ifadeyle aşağıdakilerden hangisine gönderme yapılmadığı sorulmaktadır.",Paragrafta Anlam,Paragraf
ALES1_sorular,page_22.png,20,"Antik kentlerin tarihi katmanları ve anlaşılması üzerine bir metin verilmiş, antik kentleri nitelemek için kullanılabilecek ifade sorulmaktadır.",Paragrafta Anlam,Paragraf
ALES1_sorular,page_23.png,21,"İlk mizah gazetesi Diyojen'in çıkışını sağlayan Teodor Kasap'ın Osmanlı tiyatrosuna etkileri, tiyatro sorunları ve eserleri hakkında bilgi veren paragrafa göre Teodor Kasap ile ilgili hangisi söylenebilir?",Paragrafta Anlam,Paragraf
ALES1_sorular,page_23.png,22,"Ay ve Mars yüzeyine yapılacak mürettebatlı uzay seyahatlerinin teknik ve finansal zorlukları, malzeme üretimi ve kaynak yönetimi hakkında bilgi veren paragrafa göre hangisine ulaşılabilir?",Paragrafta Anlam,Paragraf
ALES1_sorular,page_24.png,23,Bu parçadan aşağıdakilerden hangisine ulaşılamaz?,Paragrafta Anlam,Paragraf
ALES1_sorular,page_24.png,24,Bu parçanın yazarı aşağıdakilerin hangisinden yakınmaktadır?,Paragrafta Anlam,Paragraf
ALES1_sorular,page_25.png,25,Lewis Carroll'ın Alice Harikalar Diyarında kitabına yönelik eleştirilerden hangisinin DEĞİL olduğu sorulmaktadır.,Paragrafta Anlam,Paragraf
ALES1_sorular,page_25.png,26,"Toprağın oluşumu, fiziksel, kimyasal ve biyolojik özelliklerini anlatan bir paragrafta, verilen seçeneklerden hangisine değinilmediği sorulmaktadır.",Paragrafta Anlam,Paragraf
ALES1_sorular,page_26.png,27,Bu parçada anlatılmak istenen aşağıdakilerden hangisidir?,Paragrafta Anlam,Paragraf
ALES1_sorular,page_26.png,28,Bu parçaya göre aşağıdakilerden hangisi müziğin yararlarından değildir?,Paragrafta Anlam,Paragraf
ALES1_sorular,page_27.png,29,Fantastik edebiyatta hayal edilen varlık ve nesnelerin bu dünyada var olanlarla sınırlı olmasının nedeni nedir?,Paragrafta Anlam,Paragraf
ALES1_sorular,page_27.png,30,Bu parçada aşağıdakilerden hangisine değinilmemiştir?,Paragrafta Anlam,Paragraf
ALES1_sorular,page_28.png,31,Bu parçada “siber mekân” ile ilgili aşağıdakilerin hangisine değinilmemiştir?,Paragrafta Anlam,Paragraf
ALES1_sorular,page_28.png,32,Bu parçada anlatılmak istenen aşağıdakilerden hangisidir?,Paragrafta Anlam,Paragraf
ALES1_sorular,page_29.png,33,Bu parçadan aşağıdakilerin hangisine ulaşılabilir?,Paragrafta Anlam,Paragraf
ALES1_sorular,page_29.png,34,Bu parçada altı çizili sözle insanlar hakkında anlatılmak istenen aşağıdakilerden hangisidir?,Paragrafta Anlam,Paragraf
ALES1_sorular,page_29.png,35,Bu parçaya göre aşağıdakilerden hangisi deneye katılan çocukların tercihlerini etkileyen faktörlerden değildir?,Paragrafta Anlam,Paragraf
ALES1_sorular,page_30.png,36,Bu parçada Şarlo karakterinin özelliklerinden hangisine değinilmemiştir?,Paragrafta Anlam,Paragraf
ALES1_sorular,page_30.png,37,"Bu parçaya göre Chaplin'in filmlerinde, gündelik hayattaki nesnelerin bize aniden yabancılaşmasının nedeni aşağıdakilerden hangisidir?",Paragrafta Anlam,Paragraf
ALES1_sorular,page_30.png,38,Bu parçaya göre Chaplin'in filmlerindeki nihai amaç aşağıdakilerden hangisidir?,Paragrafta Anlam,Paragraf
ALES1_sorular,page_31.png,39,Bu parçaya göre Brown'un 'en azından' ifadesiyle başlayan cümleleri empatik bulmamasının nedeni aşağıdakilerden hangisidir?,Paragrafta Anlam,Paragraf
ALES1_sorular,page_31.png,40,Bu parçadan aşağıdakilerin hangisine ulaşılabilir?,Paragrafta Anlam,Paragraf
ALES1_sorular,page_32.png,41,"Bu parçada ""Truva atı"" olarak nitelendirilen önerilerin özelliği aşağıdakilerden hangisidir?",Paragrafta Anlam,Paragraf
ALES1_sorular,page_32.png,42,Bu parçada toksik olumluluk davranışıyla ilgili aşağıdakilerin hangisine değinilmemiştir?,Paragrafta Anlam,Paragraf
ALES1_sorular,page_33.png,43,"Banu, Ceyda, Hale adlı öğrencilerden hangileri Mersin'i tanıtmış olabilir?",Sözel Mantık,Yeni Nesil Mantık
ALES1_sorular,page_33.png,44,Aşağıdakilerden hangisi kesin olarak doğrudur?,Sözel Mantık,Yeni Nesil Mantık
ALES1_sorular,page_33.png,45,"Banu, Deniz, Hale adlı öğrencilerden hangileri kendi grupları içinde ikinci sırada söz almış olabilir?",Sözel Mantık,Yeni Nesil Mantık
ALES1_sorular,page_33.png,46,Deniz Niğde'yi tanıtan grupta ise aşağıdakilerden hangisi kesin olarak doğrudur?,Sözel Mantık,Yeni Nesil Mantık
ALES1_sorular,page_34.png,47,D filminde hangi figüranlar rol almış olabilir?,Sözel Mantık,Yeni Nesil Mantık
ALES1_sorular,page_34.png,48,Hangisi kesin olarak yanlıştır?,Sözel Mantık,Yeni Nesil Mantık
ALES1_sorular,page_34.png,49,Hangisi kesin olarak doğrudur?,Sözel Mantık,Yeni Nesil Mantık
ALES1_sorular,page_34.png,50,A ve E filmlerinde aynı figüranların rol aldığı biliniyorsa hangisi doğrudur?,Sözel Mantık,Yeni Nesil Mantık
ALES1_sorular-2,page_3.png,1,1 / (1/2 - 1/(2 + 1/2)) işleminin sonucu kaçtır?,Rasyonel Sayılar,Salt İşlem
ALES1_sorular-2,page_3.png,2,(5 * 10^-2 + 25 * 10^-3) / (15 * 10^-4) işleminin sonucu kaçtır?,Üslü Sayılar,Salt İşlem
ALES1_sorular-2,page_3.png,3,sqrt(12 + sqrt(23)) * sqrt(12 - sqrt(23)) işleminin sonucu kaçtır?,Köklü Sayılar,Salt İşlem
ALES1_sorular-2,page_3.png,4,(1 / 4! + 1 / 5!) / (1 / 6!) işleminin sonucu kaçtır?,Faktöriyel,Salt İşlem
ALES1_sorular-2,page_4.png,5,"A, B ve C sıfırdan farklı rakamlar olmak üzere verilen toplama işleminin sonucuna göre A.B.C çarpımı kaçtır?",Sayı Basamakları,Problemler
ALES1_sorular-2,page_4.png,6,"5/4 kesrinin sayı doğrusu üzerinde 3/4, 6/5 ve 7/6 kesirlerine olan uzaklıkları A, B ve C birim olduğuna göre, A, B, C sıralaması nedir?",Rasyonel Sayılar,Salt İşlem
ALES1_sorular-2,page_4.png,7,(x-7)/5 + (2x-1)/8 = (3x-4)/4 denklemini sağlayan x gerçel sayısı kaçtır?,Birinci Dereceden Denklemler,Salt İşlem
ALES1_sorular-2,page_4.png,8,"3, 4, 5, 6, 7 ve 8 rakamları kullanılarak iki basamaklı 3 doğal sayı oluşturuluyor. Oluşturulan sayıların çarpımı bir tek sayıya eşit olduğuna göre, bu üç sayının toplamı kaçtır?",Sayı Kümeleri,Problemler
ALES1_sorular-2,page_5.png,9,√2 < a/3 < √6 eşitsizliğini sağlayan a tam sayılarının toplamı kaçtır?,Eşitsizlikler,Salt İşlem
ALES1_sorular-2,page_5.png,10,"a < 0 < b olmak üzere, |a| + |a – b| = 4 ve |b| + |b – a| = 3 eşitlikleri veriliyor. Buna göre, a + b toplamı kaçtır?",Mutlak Değer,Salt İşlem
ALES1_sorular-2,page_5.png,11,"√4^(x-2) = 3/4 olduğuna göre, 8^x ifadesinin değeri kaçtır?",Üslü Sayılar,Salt İşlem
ALES1_sorular-2,page_5.png,12,"Pozitif gerçel sayılar kümesi üzerinde a★b işlemi a≥b için a·b, a<b için a+b olarak tanımlanıyor. Buna göre, 6★(3★c) = 18 eşitliğini sağlayan c değerlerinin toplamı kaçtır?",İşlem Tanımı,Salt İşlem
ALES1_sorular-2,page_6.png,13,"A, B ve C kümelerinin eleman sayılarıyla ilgili s(A \ B) = s(B \ C) = s(C \ A) = 7 ve s(A ∩ B ∩ C) = 5 olduğu biliniyor. Buna göre, A ∪ B ∪ C kümesinin eleman sayısı kaçtır?",Kümeler,Salt İşlem
ALES1_sorular-2,page_6.png,14,"Bir N doğal sayısı 2, 3, 5, 9 ve 10 sayılarından dört tanesine tam bölünüyor, bir tanesine ise tam bölünmüyor. Buna göre, N doğal sayısı bu beş sayıdan hangisine tam bölünmez?",Bölünebilme Kuralları,Problemler
ALES1_sorular-2,page_6.png,15,"Üç basamaklı 3AA doğal sayısı ile iki basamaklı 2A doğal sayısının toplamı, A rakamının 52 katına eşittir. Buna göre, A kaçtır?",Sayı Basamakları,Problemler
ALES1_sorular-2,page_6.png,16,"Yeni açılan bir spor merkezi, geliştirdiği özel bir kampanya yaparak müşterilerine 2 ve 3 aylık üyelik paketleri satmış ve 3 aylık üyelik paketini satın alan müşterilerine fazladan 1 ayda hediye etmiştir. Toplam 120 üyelik paketinin satıldığı bu kampanyada, hediye edilen aylar hariç toplam 215 aylık üyelik paketi satılmıştır. Bu kampanyada müşterilere toplam 24 ay hediye edildiğine göre, satılan 1 aylık üyelik paketinin sayısı kaçtır?",Denklem Kurma Problemleri,Problemler
ALES1_sorular-2,page_7.png,17,"Reklam filminde rol almak için başvuran oyuncuların 1/3'ü kabul edilmemiş, kabul edilenlerin 2/5'i seçmelerde başarısız olmuş. Başarılı oyuncu sayısı 72 ise toplam başvuran sayısı kaçtır?",Kesir Problemleri,Problemler
ALES1_sorular-2,page_7.png,18,Bir turizm şirketinde başlangıçta personelin %30'u yabancı dil biliyor. Sonra şirkete %50'si yabancı dil bilen 320 kişi alınıyor ve bu durumda yabancı dil bilenler toplam personelin %40'ı oluyor. Şirket kurulduğunda yabancı dil bilmeyen personel sayısı kaçtır?,Yüzde Problemleri,Problemler
ALES1_sorular-2,page_7.png,19,Doğrusal bir yolda A ve B kentlerinden aynı anda sabit hızlarla hareket eden iki araç 15:00'te karşılaşıyor. A'dan hareket eden araç B kentine 15:45'te ulaşıyor. B'den hareket eden araç A kentine saat kaçta ulaşır?,Hareket Problemleri,Problemler
ALES1_sorular-2,page_7.png,20,"Ahmet ve Bekir, Orhan'dan 21, 23, 41, 45 ve 63 sayılarından birini seçmesini istiyor. Orhan seçtiği sayının birler basamağını Ahmet'e, onlar basamağını Bekir'e söylüyor. Ahmet bulamadığını, Bekir ise Ahmet bulamadığını söyleyince sayıyı bulduğunu belirtiyor. Orhan'ın seçtiği sayı kaçtır?",Sayısal Mantık,Yeni Nesil Mantık
ALES1_sorular-2,page_8.png,21,Yedi kapısı bulunan bir evin planı aşağıda gösterilmiştir. Giriş kapısından giren bir kişi kalan tüm kapılardan birer kez geçerse en son nerede bulunur?,"Sözel Mantık, Yol/Rota Problemleri",Yeni Nesil Mantık
ALES1_sorular-2,page_8.png,22,"Aylin; evinin oturma odasına, salonuna ve mutfağına asmak üzere 6 farklı tablo satın almıştır. Bu tablolardan üçünü oturma odasına, ikisini salona, birini de mutfağa asacaktır. Buna göre, Aylin hangi tabloyu hangi odaya asacağını kaç farklı şekilde seçebilir?","Permütasyon, Kombinasyon",Problemler
ALES1_sorular-2,page_8.png,23,Bu kütüphaneden ödünç aldığı bir kitabı ve bir dergiyi 15'er gün geç iade eden bir kişinin ödeyeceği toplam para cezası kaç TL'dir?,"Oran Orantı, Problemler",Problemler
ALES1_sorular-2,page_8.png,24,"Bu kütüphaneden aynı gün bir kitap ve bir dergi ödünç alan bir kişi, daha sonra bunları birlikte iade etmiş ve hem kitap hem de dergi için aynı miktarda para cezası ödemiştir. Buna göre bu kişi, kitabı ve dergiyi ödünç aldıktan kaç gün sonra iade etmiştir?","Denklem Kurma, Problemler",Problemler
ALES1_sorular-2,page_9.png,25,"Bir çay firmasının bir yıl boyunca sattığı çayların bazı türlerinin miktarları ve toplam satış içindeki yüzdeleri verilmiştir. Buna göre, bu firma kaç ton adaçayı satmıştır?",Yüzde Problemleri,Tablo/Grafik Okuma
ALES1_sorular-2,page_9.png,26,"Firmanın sattığı ıhlamur miktarı, sattığı rezene miktarının 5 katı olduğuna göre, satılan çayların yüzde kaçı rezenedir?",Yüzde Problemleri,Tablo/Grafik Okuma
ALES1_sorular-2,page_9.png,27,"Verilen özel bir dijital saat formatında (HH.MM, MM değeri HH'ye kaç dakika kaldığını gösterir) 15.15'i gösterdikten 90 dakika sonra saat kaçı gösterir?",Zaman Problemleri,Yeni Nesil Mantık
ALES1_sorular-2,page_9.png,28,"Ayça, özel dijital saat 23.50'yi gösterdiğinde uyumuş, ertesi gün 07.30'u gösterdiğinde uyanmıştır. Buna göre, Ayça toplam kaç saat uyumuştur?",Zaman Problemleri,Yeni Nesil Mantık
ALES1_sorular-2,page_10.png,29,Fabrika 150 kg zeytinin tamamını kullanarak zeytinyağı üretip sattığında yüzde kaç kâr eder?,Kar/Zarar Problemleri,Problemler
ALES1_sorular-2,page_10.png,30,Fabrika 123 kg zeytinin bir kısmından 20 L zeytinyağı ve kalan zeytinleri sattığında kaç TL kâr eder?,Kar/Zarar Problemleri,Problemler
ALES1_sorular-2,page_10.png,31,"Zeytinyağı ve 20 kg zeytin satışından 546 TL gelir elde edildiğine göre, toplam kaç kg zeytin satın alınmıştır?",Kar/Zarar Problemleri,Problemler
ALES1_sorular-2,page_11.png,32,Verilen 1. ve 2. ölçüm grafiğinde altı kişiden beşinin ağırlık noktaları gösterilmiştir. Grafikteki ölçümleri verilmeyen kişiyi bulunuz.,Grafik Yorumlama,Tablo/Grafik Okuma
ALES1_sorular-2,page_11.png,33,1. ölçüm değerlerine göre altı kişiden kaçının normal kilolu olarak değerlendirildiğini bulunuz.,Grafik Yorumlama,Tablo/Grafik Okuma
ALES1_sorular-2,page_11.png,34,İki ölçüm sonucunda ağırlık grubu değişen iki kişiyi bulunuz.,Grafik Yorumlama,Tablo/Grafik Okuma
ALES1_sorular-2,page_12.png,35,Yıllık geliri 80 000 Runo olan bir kişinin ödemesi gereken vergi miktarı.,Problemler,Problemler
ALES1_sorular-2,page_12.png,36,"Altan'ın geliri 15 000 Runo ise, vergisi Altan'dan 16 000 Runo daha fazla olan Eda'nın yıllık geliri.",Problemler,Problemler
ALES1_sorular-2,page_12.png,37,"Ödediği vergi miktarı, yıllık gelirinin %30'una eşit olan bir çalışanın yıllık geliri.",Problemler,Problemler
ALES1_sorular-2,page_13.png,38,Azra ve hüseyin_hüseyin'in su içme tavsiyeleri dikkate alınarak 76 kg bir kişinin içmesi gereken su miktarları arasındaki farkın bulunması.,Problemler,Problemler
ALES1_sorular-2,page_13.png,39,76 kg bir kişinin Azra'nın tavsiyesine göre su tüketimi ve SU_TİCARET'ten aldığı damacana su miktarı üzerinden suyun kaç haftada biteceğinin hesaplanması.,Problemler,Problemler
ALES1_sorular-2,page_13.png,40,"82 kg ve günde 2300 kalori harcayan bir kişinin, Azra, Canan ve hüseyin_hüseyin'in yorumlarına göre içmesi gereken su miktarlarının (SA, SC, SH) sıralaması.",Problemler,Problemler
ALES1_sorular-2,page_14.png,41,"Yarışmacı F, K, L, S harflerini seçtikten sonra verilen harflerden hangisi diğer dördünden farklı bir sütunda yer alır?",Sözel Mantık,Yeni Nesil Mantık
ALES1_sorular-2,page_14.png,42,"Yarışmacı beş harf seçtikten sonra F, M, S ve Z harfleri tablonun en sağdaki sütununda yer almıştır. Aşağıdakilerden hangisi seçilen beş harften biri olamaz?",Sözel Mantık,Yeni Nesil Mantık
ALES1_sorular-2,page_14.png,43,Yarışmacı belirli sayıda harf seçtikten sonra tabloda E ve L harfleri aynı satırda yer almıştır. Yarışmacı en az kaç harf seçmiştir?,Sözel Mantık,Yeni Nesil Mantık
ALES1_sorular-2,page_15.png,44,"ABCD dörtgeninde EBC eşkenar üçgen. m(EDA)=45°, m(EAD)=45°, m(EAB)=20°, m(EBA)=20°. m(ECD)=x. x kaç derecedir?",Geometri,Salt İşlem
ALES1_sorular-2,page_15.png,45,"ABC üçgeninde D noktası AB kenarı üzerinde. |AC|=|DC|, m(ABC)=30°, |BC|=6 birim, |BD|=√3 birim. |AD|=x. x kaç birimdir?",Geometri,Salt İşlem
ALES1_sorular-2,page_15.png,46,"ABCD kare. AED üçgeninin alanı 35, AFCE dörtgeninin alanı 30 birimkaredir. E ve F noktaları ABCD karesinin kenarları üzerindedir. EF=x. Buna göre, x kaç birimdir?",Geometri,Problemler
ALES1_sorular-2,page_15.png,47,"Çevresi 30 birim, alanı 50 birimkare olan bir dikdörtgen. Bu dikdörtgenin bir köşegeninin uzunluğu kaç birimdir?",Geometri,Problemler
ALES1_sorular-2,page_16.png,48,"Çeyrek çemberde, kenar uzunlukları verilen bir dik üçgen ve paralel doğru parçaları içeren geometrik şekil üzerinde bilinmeyen bir uzunluğun (x) bulunması.",Geometri,Problemler
ALES1_sorular-2,page_16.png,49,Numaralandırılmış yapboz parçalarıyla 'ALES' kelimesini oluşturmak için hangi iki parçanın yer değiştirmesi gerektiğini bulma.,Mantık Yürütme,Yeni Nesil Mantık
ALES1_sorular-2,page_16.png,50,"Bir kütüphane haritası ve kişinin (Bahadır) ile kitabın konumunu gösteren bir sistem üzerinden, Bahadır'ın kitaba ulaşırken gördüğü farklı perspektif görünümlerin (I, II, III, IV) doğru sıralamasını belirleme.",Uzamsal Akıl Yürütme,Yeni Nesil Mantık
ALES1_sorular-2,page_17.png,1,"Mektup, yüzyıllardır insanlar arasında bir iletişim aracı olmanın yanı sıra hasretin, sevincin, acının hüznün ve pek çok insani duygunun ---- olarak kişilerin zihninde, unutulmaz anıları barındıran o ---- ruhunu koruyor.",Paragrafta Anlam,Paragraf
ALES1_sorular-2,page_17.png,2,"Mizah aslında bir ---- yaratır; acıyı, yokluğu, yetersizliği, narsisistik olarak zedeleyebilecek olanı küçülterek, dönüştürerek ---- hâle getirmeyi ve karşısında çaresiz hissettiğimiz durumlara katlanmayı kolaylaştırır.",Paragrafta Anlam,Paragraf
ALES1_sorular-2,page_17.png,3,"Gelişim psikolojisinde, bebeklik ve okul öncesi dönemin diğer dönemlere göre daha önemli olduğu kabul edilmektedir. Çünkü bireyin potansiyelini gerçekleştirebilmesi, mutlu ve başarılı olması; çocukluk döneminde ona uygun fiziksel ve sosyal çevrenin sunulması, okul öncesi eğitime ulaşabilmesi, zengin uyarıcılar ve uygun aile tutumları içinde büyümesi ile yakından ilgilidir. ---- Oysa yetersiz çevre koşullarında büyüyen çocuğun, kalıtımsal potansiyelini ortaya çıkarma olasılığı düşer.",Paragrafta Anlam,Paragraf
ALES1_sorular-2,page_18.png,4,"Başkalarının yanında kalbinizin anahtarlarını çıkarıp cebinize koyun... Goethe'nin sözüyle desteklenen, açılmanın veya kapanmanın sonuçlarını irdeleyen paragraf.",Paragrafta Anlam,Paragraf
ALES1_sorular-2,page_18.png,5,Günde sekiz on dakika kahkaha atmanın bağışıklık sistemini güçlendirdiği iddiası ve kahkaha terapisinin faydalarını anlatan paragraf.,Paragrafta Anlam,Paragraf
ALES1_sorular-2,page_18.png,6,Kuzey Yarımküre'de ve Kuzey Anadolu sahil şeridinde görülen pürtüklü semender türleri ve yaşam alanları hakkında bilgi veren paragraf.,Paragrafta Anlam,Paragraf
ALES1_sorular-2,page_18.png,7,Geçmişte geleceğin nasıl hayal edildiğini inceleyen Retrofütürizm akımı ve bu akımla ilgili Paleo-Future sitesinin içeriğini anlatan paragraf.,Paragrafta Anlam,Paragraf
ALES1_sorular-2,page_19.png,8,Çernobil patlamasıyla ilgili verilen paragraftan çıkarılabilecek veya çıkarılamayacak yargıyı bulma.,Paragrafta Anlam,Paragraf
ALES1_sorular-2,page_19.png,9,Numaralanmış sözlerden anlamlı ve kurallı bir cümle oluşturulduğunda baştan dördüncü olacak sözcüğü bulma.,Cümle Oluşturma (Sözcükleri Sıralama),Sözel Mantık
ALES1_sorular-2,page_19.png,10,Numaralanmış sözlerden anlamlı ve kurallı bir cümle oluşturulduğunda baştan üçüncü olacak sözcüğü bulma.,Cümle Oluşturma (Sözcükleri Sıralama),Sözel Mantık
ALES1_sorular-2,page_19.png,11,Numaralanmış cümlelerden anlamlı ve kurallı bir bütün (paragraf) oluşturulduğunda baştan ikinci olacak cümleyi bulma.,Paragraf Oluşturma (Cümleleri Sıralama),Paragraf
ALES1_sorular-2,page_20.png,12,Numaralanmış cümlelerin anlamlı bir bütün oluşturacak biçimde sıralandığında hangisi baştan üçüncü olur?,Paragrafta Anlam,Paragraf
ALES1_sorular-2,page_20.png,13,Numaralanmış cümlelerin anlamlı bir bütün oluşturacak biçimde sıralanması için hangilerinin birbiriyle yer değiştirmesi gerektiğini bulunuz.,Paragrafta Anlam,Paragraf
ALES1_sorular-2,page_20.png,14,Numaralanmış cümlelerin anlamlı bir bütün oluşturacak biçimde sıralanması için hangilerinin birbiriyle yer değiştirmesi gerektiğini bulunuz.,Paragrafta Anlam,Paragraf
ALES1_sorular-2,page_21.png,15,Bir senaryoda duyguların görsel anlatımına ilişkin verilen ifadelerden hangilerinin doğru veya birbiriyle tutarlı olduğunu bulunuz.,Paragrafta Anlam,Paragraf
ALES1_sorular-2,page_21.png,16,"Numaralanmış cümlelerden hangisinin, parçanın anlam bütünlüğünü bozduğunu bulunuz.",Paragrafta Anlam,Paragraf
ALES1_sorular-2,page_21.png,17,"Numaralanmış cümlelerden hangisinin, parçanın anlam bütünlüğünü bozduğunu bulunuz.",Paragrafta Anlam,Paragraf
ALES1_sorular-2,page_22.png,18,Yazarın fotoğraf arşivine ve hayatına dair verilen bilgilerin doğru-yanlış değerlendirilmesi.,Paragrafta Anlam,Paragraf
ALES1_sorular-2,page_22.png,19,Altı çizili ifadenin paragraftaki düşünceyi nasıl desteklediği.,Paragrafta Anlam,Paragraf
ALES1_sorular-2,page_22.png,20,Farklı milletlerin takvimleriyle ilgili paragraftan hangisinin söylenemeyeceğinin bulunması.,Paragrafta Anlam,Paragraf
ALES1_sorular-2,page_23.png,21,Bu parçada altı çizili sözle anlatılmak istenen aşağıdakilerden hangisidir?,Paragrafta Anlam,Paragraf
ALES1_sorular-2,page_23.png,22,Bu parçaya göre resimle ilgili aşağıdakilerden hangisi söylenebilir?,Paragrafta Anlam,Paragraf
ALES1_sorular-2,page_23.png,23,Bu parçadan hareketle aşağıdaki yargıların hangisine ulaşılabilir?,Paragrafta Anlam,Paragraf
ALES1_sorular-2,page_24.png,24,Bu parçada Dostoyevski'nin karakteri Stavrogin'le ilgili aşağıdakilerden hangisine değinilmemiştir?,Paragrafta Anlam,Paragraf
ALES1_sorular-2,page_24.png,25,Bu parçada anlatılmak istenen aşağıdakilerden hangisidir?,Paragrafta Anlam,Paragraf
ALES1_sorular-2,page_25.png,26,"Edebiyat eserinin yazar ve okuyucu arasındaki ilişki, eserin paylaşım süreci ve okuyucu üzerinde yarattığı dönüşüm hakkında bir metin verilmiş, bu metinden çıkarılabilecek bir yargı istenmektedir.",Paragrafta Anlam,Paragraf
ALES1_sorular-2,page_25.png,27,"Kütüphanede kitaplar karşısında kendini yetersiz hisseden bir kişinin durumu ve bilgisizlikten kurtulma ihtiyacı üzerine bir metin verilmiş, bu metinden ulaşılabilecek bir yargı istenmektedir.",Paragrafta Anlam,Paragraf
ALES1_sorular-2,page_25.png,28,"Yaratıcı fikirlerin ve ilhamların nasıl ortaya çıktığını, rastlantıların ve birikimlerin önemini farklı yazarlar üzerinden anlatan bir metin verilmiş, metinde anlatılmak istenen temel mesaj sorulmaktadır.",Paragrafta Anlam,Paragraf
ALES1_sorular-2,page_26.png,29,Parçadan boyut kavramıyla ilgili ulaşılamayacak yargı.,Paragrafta Anlam,Paragraf
ALES1_sorular-2,page_26.png,30,Altı çizili ifadeyle sosyal bilimcilerle ilgili anlatılmak istenen.,Paragrafta Anlam,Paragraf
ALES1_sorular-2,page_27.png,31,Parçada söz edilen özürcü realistleri tanımlamak için kullanılabilecek ifade.,Paragrafta Anlam,Paragraf
ALES1_sorular-2,page_27.png,32,Parçadan hareketle ulaşılamayacak yargı.,Paragrafta Anlam,Paragraf
ALES1_sorular-2,page_28.png,33,"Bu parçaya göre Tarık Buğra'nın 'öykücü' yönünü geliştiren tavrı, aşağıdakilerden hangisidir?",Paragrafta Anlam,Paragraf
ALES1_sorular-2,page_28.png,34,Bu parçada altı çizili sözle Tarık Buğra'nın hangi yönüne vurgu yapılmaktadır?,Paragrafta Anlam,Paragraf
ALES1_sorular-2,page_28.png,35,Bu parçada Tarık Buğra öyküleriyle ilgili vurgulanan aşağıdakilerden hangisidir?,Paragrafta Anlam,Paragraf
ALES1_sorular-2,page_29.png,36,Alışveriş merkezi-müşteri ilişkisi hakkında doğru olan yargı.,Paragrafta Anlam,Paragraf
ALES1_sorular-2,page_29.png,37,Alışveriş merkezleri ile geleneksel alışveriş mekânları arasındaki temel fark.,Paragrafta Anlam,Paragraf
ALES1_sorular-2,page_30.png,38,Bu parçaya göre alışveriş merkezleriyle ilgili aşağıdakilerden hangisi söylenemez?,Paragrafta Anlam,Paragraf
ALES1_sorular-2,page_31.png,39,Bu parçadan hareketle Hikikomori hastaları hakkında aşağıdakilerden hangisi söylenebilir?,Paragrafta Anlam,Paragraf
ALES1_sorular-2,page_31.png,40,Bu parçadan hareketle insan-mekân ilişkileriyle ilgili aşağıdaki yargılardan hangisine ulaşılamaz?,Paragrafta Anlam,Paragraf
ALES1_sorular-2,page_31.png,41,Hikikomori hastalarının yerleştirilmesi için tasarlanan alanlara kaynaştırma mekânı denmesinin nedeni aşağıdakilerden hangisidir?,Paragrafta Anlam,Paragraf
ALES1_sorular-2,page_32.png,42,Bu parçaya göre metropol tipi kişiliğe sahip bir bireyin aşağıdakilerden hangisini yapması beklenir? (Parça metni eksik),Paragrafta Anlam,Paragraf
ALES1_sorular-2,page_33.png,43,"I. Nida, II. Pelin, III. Uras adlı dağcılardan hangilerinin zirveye ulaşma sırası kesin olarak bilinebilir?",Sözel Mantık,Yeni Nesil Mantık
ALES1_sorular-2,page_33.png,44,Aşağıdaki dağcılardan hangileri zirveye art arda ulaşmış olamaz?,Sözel Mantık,Yeni Nesil Mantık
ALES1_sorular-2,page_33.png,45,Aşağıdaki eşleştirmelerden hangisi kesin olarak doğrudur?,Sözel Mantık,Yeni Nesil Mantık
ALES1_sorular-2,page_33.png,46,Buna göre aşağıdakilerden hangisi yanlıştır?,Sözel Mantık,Yeni Nesil Mantık
ALES1_sorular-2,page_34.png,47,"Gamze, Hakan, Işıl adlı kişilerden hangileri çubuk makarna sipariş etmiştir?",Sözel Mantık,Yeni Nesil Mantık
ALES1_sorular-2,page_34.png,48,Aşağıdakilerden hangisi kesin olarak yanlıştır?,Sözel Mantık,Yeni Nesil Mantık
ALES1_sorular-2,page_34.png,49,Aşağıdaki kişilerden hangileri birlikte yoğurt soslu makarna sipariş etmiş olamaz?,Sözel Mantık,Yeni Nesil Mantık
ALES1_sorular-2,page_34.png,50,Mustafa’nın karabiber baharatlı makarna sipariş ettiği biliniyorsa aşağıdakilerden hangisi kesin olarak doğrudur?,Sözel Mantık,Yeni Nesil Mantık
ALES1_sorular-3,page_3.png,1,(1 + 1/2) * (2 - 1/3) / (4 - 1/4) işleminin sonucu kaçtır?,Rasyonel Sayılar,Salt İşlem
ALES1_sorular-3,page_3.png,2,5^2 * 3^4 / (6^3 - 9^2) işleminin sonucu kaçtır?,Üslü Sayılar,Salt İşlem
ALES1_sorular-3,page_3.png,3,√15 * (√3/√5 + √5/√3) işleminin sonucu kaçtır?,Köklü Sayılar,Salt İşlem
ALES1_sorular-3,page_3.png,4,(9! - 8!) / (7! + 6!) işleminin sonucu kaçtır?,Faktöriyel,Salt İşlem
ALES1_sorular-3,page_4.png,5,"4BC + CBB = B49 toplama işleminde, B.C çarpımı kaçtır?",Sayı Basamakları,Salt İşlem
ALES1_sorular-3,page_4.png,6,"a, b ve c gerçek sayılar için b+c=0, a.b.c<0 ve a.b-b.c<0 olduğuna göre, aşağıdaki sıralamalardan hangisi doğrudur?",Eşitsizlikler,Salt İşlem
ALES1_sorular-3,page_4.png,7,"a, b ve c birbirinden farklı tam sayılar olmak üzere, sayı doğrusunda a sayısının b sayısına olan uzaklığı, c sayısının b sayısına olan uzaklığına eşittir. Buna göre, I. a+b, II. c-a, III. a.b.c ifadelerinden hangileri her zaman çift sayıdır?",Tek-Çift Sayılar,Yeni Nesil Mantık
ALES1_sorular-3,page_4.png,8,"x pozitif tam sayı olmak üzere, (x+3)/3 - (x-2)/2 >= x-1 eşitsizliğini sağlayan x değerlerinin toplamı kaçtır?",Eşitsizlikler,Salt İşlem
ALES1_sorular-3,page_5.png,9,"Denklem sistemi: x+z=12, x-y=4, y+2z=10. x·y·z çarpımı kaçtır?",Denklem Çözme,Salt İşlem
ALES1_sorular-3,page_5.png,10,Üslü denklem: 3^(x+1) + 3^x / 9 = 84. x kaçtır?,Üslü Sayılar,Salt İşlem
ALES1_sorular-3,page_5.png,11,Mutlak değerli eşitsizlik: |x| / (1+|x|) < 5/6. Kaç farklı x tam sayısı vardır?,Mutlak Değer ve Eşitsizlikler,Salt İşlem
ALES1_sorular-3,page_5.png,12,Kümelerle ilgili eşitlikler: A ∩ B = C ve C ∩ D = E. A ∩ (C ∩ D) hangilerine her zaman eşittir?,Kümeler,Salt İşlem
ALES1_sorular-3,page_6.png,13,Rakamları ardışık sayılar olan iki basamaklı doğal sayılardan kaç tanesi 6 ile tam bölünür?,Sayılar Teorisi,Problemler
ALES1_sorular-3,page_6.png,14,x★y = x/(x+y) işlemi tanımlanıyor. a★a=2 eşitliğini sağlayan a değeri kaçtır?,Cebir,Salt İşlem
ALES1_sorular-3,page_6.png,15,"İki basamaklı AB doğal sayısı, iki basamaklı ardışık dört pozitif çift sayının aritmetik ortalamasına eşitse AB sayısına ortalayıcı sayı denir. Buna göre, en küçük ortalayıcı sayı ile en büyük ortalayıcı sayının toplamı kaçtır?",Sayılar Teorisi,Problemler
ALES1_sorular-3,page_6.png,16,"Selim aklından bir sayı tutuyor. Sonra, 8 kişiye bu sayının iki basamaklı doğal sayı olduğunu ve bu sayının rakamları toplamını söylüyor. Bu kişilerin her biri, Selim'in söylediği toplamı sağlayan iki basamaklı bir doğal sayı söyleyerek birer tahminde bulunuyor. Bu kişilerin tahminleri birbirinden farklı olmasına rağmen Selim'in aklından tuttuğu sayıyı bulamıyorlar. Buna göre, Selim'in aklından tuttuğu sayının alabileceği kaç farklı değer vardır?",Sayılar Teorisi,Yeni Nesil Mantık
ALES1_sorular-3,page_7.png,17,"Bilge'nin Türkçe ve matematik testlerine ayırdığı süreleri, verilen yüzdelerle hesaplayıp matematik testine planlanandan yüzde kaç fazla süre ayırdığını bulma.",Yüzde Problemleri,Problemler
ALES1_sorular-3,page_7.png,18,Ali ve Can'ın bisiklet yarışı. Ali'nin bisikleti bozulup ara verdikten sonra Can'ın bitiş noktasına ulaşma süresinden 2 dakika önce varması üzerine Can'ın başlangıç noktasından bitiş noktasına kaç dakikada ulaştığını bulma.,Hareket Problemleri,Problemler
ALES1_sorular-3,page_7.png,19,"Ayça, Beren ve Ceren'in yaşları arasındaki ilişki (Ayça, Beren ve Ceren'den 5 yaş büyük) ve toplam yaşları (92) verilmiş. Ayça'nın yaşını bulma.",Yaş Problemleri,Problemler
ALES1_sorular-3,page_7.png,20,"Turuncu ve beyaz karelerden oluşan bir tabloda, başlangıçtaki turuncu karede bulunan bir taşın, her adımda o an bulunduğu kare renginden farklı bir birim kareye oklarla gösterildiği gibi hemen sağdaki ya da hemen alttaki birim kareye hareket ettirilmesi. Taşın hangi birim karelere getirilebileceğini bulma.",Görsel Mantık,Yeni Nesil Mantık
ALES1_sorular-3,page_8.png,21,"Bir şirkette finans, insan kaynakları ve pazarlama bölümlerinde çalışan kişilerin sayıları sırasıyla 3, 4 ve 5 ile doğru orantılıdır. Üç bölüme toplam 18 yeni çalışan alındıktan sonra bu üç bölümde çalışanların sayıları birbirine eşit oluyor. Buna göre, insan kaynakları bölümüne yeni başlayan kişi sayısı kaçtır?",Oran Orantı Problemleri,Problemler
ALES1_sorular-3,page_8.png,22,"Bir şirket gazete, radyo ve televizyon olmak üzere üç tür reklama toplam 30 000 TL bütçe ayırmıştır. Gazeteye ayrılan bütçenin 1/6'sı radyoya, radyo bütçesinin 1/3'ü televizyona aktarılmıştır. Son durumda bütçeler eşitlendiğine göre, başlangıçta televizyona ayrılan bütçe kaç TL'dir?",Kesir Problemleri,Problemler
ALES1_sorular-3,page_8.png,23,"Ayşe, her biri 250 gram olan altı farklı paket satın alıyor. Bu altı paketi, her biri en fazla 1'er kilogram ağırlık taşıyabilen biri siyah diğeri beyaz renkte olan iki fileye koymak istiyor. Buna göre Ayşe, aldığı paketleri bu filelere kaç farklı şekilde koyabilir?",Kombinasyon / Permütasyon,Problemler
ALES1_sorular-3,page_8.png,24,"Özge'nin oyuncak bebeği en az bir pil dolu olan 2 pille çalışmaktadır. Özge, 3'ü dolu, 3'ü boş toplam 6 pil arasından rastgele iki pil seçerek oyuncak bebeğine takmıştır. Buna göre, Özge'nin oyuncak bebeğinin çalışma olasılığı kaçtır?",Olasılık Problemleri,Problemler
ALES1_sorular-3,page_9.png,25,"Saat 16.00'da başlayan bir maçın ikinci devresi başladığında dijital saat kaçı gösterir? (Maçlar 20dk devre, 5dk ara, dijital saat bitiş zamanının bir dakika ilerisini gösterir)",Zaman Problemleri,Yeni Nesil Mantık
ALES1_sorular-3,page_9.png,26,"Dijital saat 18.56'da başlayıp 21.56'da biten bir maçta kaç devre oynanmıştır? (Maçlar 20dk devre, 5dk ara, dijital saat gösterimi kuralı dikkate alınmalı)",Zaman Problemleri,Yeni Nesil Mantık
ALES1_sorular-3,page_9.png,27,"Küçük boy (150g) ve büyük boy (250g) çilek ve muz tabakları hazırlanmaktadır. Çilek/muz oranı tüm tabaklarda aynıdır. 160 gram çilek kullanıldığına göre, küçük boy bir tabakta kaç gram muz kullanılmıştır?",Oran Orantı Problemleri,Problemler
ALES1_sorular-3,page_9.png,28,"Toplam 950 gram meyve kullanıldığına göre, kaç adet meyve tabağı hazırlanmıştır?",Denklem Kurma Problemleri,Problemler
ALES1_sorular-3,page_10.png,29,"Ceviz ağaçlarının bulunduğu bölgenin sıklık oranı 10 olduğuna göre, badem ağaçlarının bulunduğu bölgenin sıklık oranı kaçtır?",Oran-Orantı,"Problemler, Tablo/Grafik Okuma"
ALES1_sorular-3,page_10.png,30,"Ahmet Bey, badem ağaçlarının bulunduğu bölgeye 18 badem ağacı daha dikince, iki bölgenin sıklık oranları eşit oluyor. Buna göre, son durumda bahçedeki toplam ağaç sayısı kaçtır?",Oran-Orantı,"Problemler, Tablo/Grafik Okuma"
ALES1_sorular-3,page_11.png,31,150 sayfalık bir kitabın 3 farklı dile çevrilmesinde ödenecek en az toplam ücret.,Problem Çözme,Tablo/Grafik Okuma
ALES1_sorular-3,page_11.png,32,"İngilizce ve Almancaya çeviri ücreti, Fransızcaya çeviri ücretinden 290 TL fazla olan kitabın sayfa sayısı.",Problem Çözme,Tablo/Grafik Okuma
ALES1_sorular-3,page_11.png,33,Almancaya çevrilen 250 sayfalık bir kitap için ödenecek toplam ücret.,Problem Çözme,Tablo/Grafik Okuma
ALES1_sorular-3,page_12.png,34,"Osman'ın ilk üç adımda sırasıyla 3, 7 ve 2 sayılarını seçmesi durumunda tahtada kalan sayıların toplamı.",Mantık Problemleri,Problemler
ALES1_sorular-3,page_12.png,35,"Üçüncü adımdan sonra tahtada 1, 2, 5, 7 sayıları kaldığına göre, Osman'ın ilk üç adımda seçtiği sayıların toplamı.",Mantık Problemleri,Problemler
ALES1_sorular-3,page_12.png,36,"Osman'ın her adımda ikişer sayı silerek beş adımda tahtadaki tüm sayıları silmesi durumunda, üçüncü adımda hangi sayıyı seçtiği.",Mantık Problemleri,Problemler
ALES1_sorular-3,page_13.png,37,"A, B ve C videolarının ilk hafta için tavsiye edilme oranları sırasıyla a, b ve c olduğuna göre, aşağıdaki sıralamalardan hangisi doğrudur?",Rasyonel Sayılar,Tablo/Grafik Okuma
ALES1_sorular-3,page_13.png,38,"İkinci haftada A videosunu 3000 kişi daha izlemiş ve bu iki hafta için A videosunun tavsiye edilme oranı 1/3 olarak hesaplanmıştır. Buna göre, sadece ikinci hafta için A videosunun tavsiye edilme oranı kaçtır?",Oran Orantı,Problemler
ALES1_sorular-3,page_13.png,39,"İkinci haftada B videosunu belirli sayıda kişi daha izlemiş ve bu iki hafta için B videosunun tavsiye edilme oranı 1/4 olmuştur. Buna göre, ikinci haftada B videosunu izleyen kişi sayısı en az kaçtır?",Oran Orantı,Problemler
ALES1_sorular-3,page_14.png,40,"Verilen mozaik yerleşimine göre x, y, z değerlerinin toplamı kaçtır?",Sözel Mantık,Yeni Nesil Mantık
ALES1_sorular-3,page_14.png,41,Verilen sayılara göre mozaiklerin yerleşimi tamamlandığında m ve n değerlerinin çarpımı kaçtır?,Sözel Mantık,Yeni Nesil Mantık
ALES1_sorular-3,page_14.png,42,"Verilen sayılara göre mozaiklerin tüm olası yerleşimlerinde a, b, c, d ve e birim karelerinden hangisi kesinlikle kaplanmıştır?",Sözel Mantık,Yeni Nesil Mantık
ALES1_sorular-3,page_15.png,43,"ABC ikizkenar üçgen, m(ACB)=76°, m(CAD)=m(DAB), |CA|=|CB|, |FD|=|DB|, [AD] ∩ [EB]={F}. m(AFB)=x ise x kaç derecedir?",Geometri (Açılar),Salt İşlem
ALES1_sorular-3,page_15.png,44,"[AC]⊥[AB], [BC]⊥[BD], [EC]⊥[ED], |AC|=3 birim, |AB|=2 birim, |EC|=5 birim ise |DE|=x kaç birimdir?",Geometri (Dik Üçgenler),Salt İşlem
ALES1_sorular-3,page_15.png,45,"ABCD dikdörtgen, |EC|=4 birim, |AB|=x. Yamuk ABCE alanının dikdörtgen ABCD alanına oranı 2/3 ise x kaç birimdir?",Geometri (Alan Problemleri),Problemler
ALES1_sorular-3,page_15.png,46,"AFG ve AEF üçgen, DC//GF, BC//EF, |AD|=|DG|. CFGD dörtgeninin alanı 18, ABC üçgeninin alanı 9. Buna göre, ACD üçgeninin alanı ile BEFC dörtgeninin alanının toplamı kaç birimkaredir?",Geometri (Alan Problemleri),Problemler
ALES1_sorular-3,page_16.png,47,"Dikdörtgen içinde teğet yarım ve çeyrek çemberler verilmiş, AB kenar uzunluğu biliniyor, dikdörtgenin alanı isteniyor.",Geometri (Çemberler ve Dikdörtgen),Problemler
ALES1_sorular-3,page_16.png,48,Belirli boyutlara sahip 5 adet dikdörtgenler prizmasının birleştirilmesiyle oluşan şeklin yüzey alanı isteniyor.,"Geometri (Katı Cisimler, Yüzey Alanı)",Problemler
ALES1_sorular-3,page_16.png,49,"Farklı renkli bir küpün açınımı verilmiş, bu küpün şişirilmesiyle oluşan kürenin olası görünümleri arasından hangilerinin doğru olduğu soruluyor.",Uzamsal Yetenek / Görselleştirme,Yeni Nesil Mantık
ALES1_sorular-3,page_17.png,50,"Verilen 12, 8 ve 6 dilime ayrılmış kırmızı, sarı, mavi dairelerden seçilen dilimlerle, üst üste gelmeyecek şekilde oluşturulabilecek yeni daire görünümlerinden hangilerinin elde edilebileceği.",Görsel Mantık,Yeni Nesil Mantık
ALES1_sorular-3,page_18.png,1,"Sanatın, dünyayı düpedüz ---- ve hatta onu dönüştürdüğünü dile getiren düşünceler arasında en ünlüsü Vladimir Mayakovsky'nin bir sözüdür: 'Sanat dünyayı yansıtan bir ayna değil, dünyaya ---- bir çekiçtir.'",Cümle Tamamlama,Yeni Nesil Mantık
ALES1_sorular-3,page_18.png,2,"Birleşik Arap Emirlikleri'nde sıcakla ---- için şahin kanatlarından esinlenilerek inşa edilen kuleler, sıcak havanın yükselip dağılmasına ve serin havanın yapı içinde kalmasına ---- şekilde tasarlanmış.",Cümle Tamamlama,Yeni Nesil Mantık
ALES1_sorular-3,page_18.png,3,İnternette ayda 3000 mesaj gönderen bir gencin hayatını ve internet bağlantısı kesildiğinde yaşayacağı zorlukları anlatan bir paragraf.,Paragrafta Anlam,Paragraf
ALES1_sorular-3,page_19.png,4,Estetiğin tanımı ve önemi üzerine verilen paragraftan çıkarılamayacak yargıyı bulma.,Paragrafta Anlam,Paragraf
ALES1_sorular-3,page_19.png,5,"Aşk, evlilik ve aile kurumunun tarihsel gelişimi ve günümüzdeki yeri üzerine verilen paragraftan çıkarılabilecek yargıyı bulma.",Paragrafta Anlam,Paragraf
ALES1_sorular-3,page_19.png,6,"Venedik Karnavalı'nın tarihi, ziyaretçileri ve etkinlikleri üzerine verilen paragraftan kesin olarak çıkarılabilecek yargıyı bulma.",Paragrafta Anlam,Paragraf
ALES1_sorular-3,page_19.png,7,Titicaca Gölü kıyılarındaki otlak alanların geçmişteki tarımsal kullanımı ve günümüzdeki durumu üzerine verilen paragraftan kesin olarak çıkarılabilecek yargıyı bulma.,Paragrafta Anlam,Paragraf
ALES1_sorular-3,page_20.png,8,Maymun çekirgeleri hakkında verilen bilgiler ışığında yanlış ifadeyi bulma.,Paragrafta Anlam,Paragraf
ALES1_sorular-3,page_20.png,9,Verilen kelime gruplarını anlamlı bir cümle oluşturacak şekilde sıralama ve dördüncü sıradaki kısmı bulma.,Sözel Mantık,Sözel Mantık
ALES1_sorular-3,page_20.png,10,Verilen kelime gruplarını anlamlı bir cümle oluşturacak şekilde sıralama ve dördüncü sıradaki kısmı bulma.,Sözel Mantık,Sözel Mantık
ALES1_sorular-3,page_20.png,11,Verilen cümleleri anlamlı bir paragraf oluşturacak şekilde sıralama ve üçüncü sıradaki cümleyi bulma.,Sözel Mantık,Sözel Mantık
ALES1_sorular-3,page_21.png,12,Roma lejyonlarının yapısı ve faaliyetleri hakkında verilen beş cümleyi anlamlı bir bütün oluşturacak şekilde sıralayarak baştan dördüncü cümleyi bulma.,Paragrafta Anlam,Paragraf
ALES1_sorular-3,page_21.png,13,Türkiye'deki turizm sektörünün gelişimi ve arazi kullanımı üzerindeki etkileri hakkında verilen beş cümlenin anlamlı bir bütün oluşturması için hangi iki cümlenin yer değiştirmesi gerektiğini bulma.,Paragrafta Anlam,Paragraf
ALES1_sorular-3,page_21.png,14,Ayna nöronların keşfi ve farklı bilim dallarına etkileri hakkında verilen beş cümlenin anlamlı bir bütün oluşturması için hangi iki cümlenin yer değiştirmesi gerektiğini bulma.,Paragrafta Anlam,Paragraf
ALES1_sorular-3,page_22.png,15,Kuzey Buz Denizi'ndeki buzun durumu ve erime mevsimi hakkında bilgi veren altı cümleden anlamca birbirine en yakın olan ikisini bulma.,Paragrafta Anlam,Paragraf
ALES1_sorular-3,page_22.png,16,Yeni bir dil öğrenme süreci ve bu konudaki yanılgılar üzerine bir paragraftaki anlam bütünlüğünü bozan cümleyi bulma.,Paragrafta Anlam,Paragraf
ALES1_sorular-3,page_22.png,17,19. yüzyıldan sonra sanatta ortaya çıkan nesnellik eğilimi ve fotoğrafın bu süreçteki rolü hakkında bir paragraftaki anlam bütünlüğünü bozan cümleyi bulma.,Paragrafta Anlam,Paragraf
ALES1_sorular-3,page_23.png,18,Verilen paragraftaki numaralı cümlelerden hangisinin yanlış bir bilgi içerdiğini bulma.,Paragrafta Anlam,Paragraf
ALES1_sorular-3,page_23.png,19,Verilen cümlenin anlatılmak istenen ana fikrini bulma.,Cümlede Anlam,Paragraf
ALES1_sorular-3,page_23.png,20,Altı çizili 'kendi çölünü panayırlara sürükleyenlerdir' sözünün cümleye kattığı anlamı bulma.,Sözcükte Anlam,Paragraf
ALES1_sorular-3,page_23.png,21,Altı çizili 'cümlelerimizin nabzını kuvvetlendiren' sözünün cümleye kattığı anlamı bulma.,Sözcükte Anlam,Paragraf
ALES1_sorular-3,page_25.png,24,"Fransız ressam Delacroix'nın bir resim sergisinde bir şövalye tablosunu inceleyen ayakkabıcıyla diyaloğunu anlatan paragrafın, hangi fikri vurguladığı sorulmaktadır.",Paragrafta Anlam,Paragraf
ALES1_sorular-3,page_25.png,25,"Bestiarium kitaplarının içeriği ve hayvanlara yüklenen simgesel anlamların anlatıldığı paragrafa göre, bir bilim insanının bestiarium kitaplarından yararlanarak hangi konuyu araştırmasının beklenemeyeceği sorulmaktadır.",Paragrafta Anlam,Paragraf
ALES1_sorular-3,page_26.png,26,Bu parçada Dick Kerr’in Hanımları adlı takımla ilgili aşağıdakilerden hangisine değinilmemiştir?,Paragrafta Anlam,Paragraf
ALES1_sorular-3,page_26.png,27,"Bu parçaya göre Bergson’ın, hayatın bir amacı olduğu düşüncesini reddetmesinin nedeni aşağıdakilerden hangisidir?",Paragrafta Anlam,Paragraf
ALES1_sorular-3,page_27.png,28,Parçada adı geçen 'Sarıgöl'ün Orta Yeri Sinama' adlı kitapla ilgili aşağıdakilerden hangisine değinilmediği sorulmaktadır.,Paragrafta Anlam,Paragraf
ALES1_sorular-3,page_28.png,29,Bu parçada Turing Testiyle ilgili aşağıdakilerden hangisine değinilmemiştir?,Paragrafta Anlam,Paragraf
ALES1_sorular-3,page_28.png,30,Bu parçadaki altı çizili cümle ile anlatılmak istenen aşağıdakilerden hangisidir?,Paragrafta Anlam,Paragraf
ALES1_sorular-3,page_29.png,31,Parçada altı çizili sözle sosyolog hakkında anlatılmak istenen nedir?,Paragrafta Anlam,Paragraf
ALES1_sorular-3,page_29.png,32,"Parçaya göre sosyoloji, siyasetle olan ilişkisinde hangi suçlamayla karşı karşıya kalmıştır?",Paragrafta Anlam,Paragraf
ALES1_sorular-3,page_30.png,33,Bu parçada altı çizili sözle anlatılmak istenen aşağıdakilerden hangisidir?,Paragrafta Anlam,Paragraf
ALES1_sorular-3,page_30.png,34,Bu parçaya göre aşağıdakilerden hangisi modern dünyanın sunduğu yalnızlığın algılanma biçimlerinden biri değildir?,Paragrafta Anlam,Paragraf
ALES1_sorular-3,page_30.png,35,Bu parçaya göre teknolojik aygıtların izledikleri strateji aşağıdakilerden hangisidir?,Paragrafta Anlam,Paragraf
ALES1_sorular-3,page_31.png,36,Parçada altı çizili 'bu durum' sözüyle anlatılmak istenen nedir?,Paragrafta Anlam,Paragraf
ALES1_sorular-3,page_31.png,37,Parçadan hareketle Genco Erkal ile ilgili aşağıdakilerin hangisine ulaşılabilir?,Paragrafta Anlam,Paragraf
ALES1_sorular-3,page_31.png,38,Parçada 'Bir Delinin Hatıra Defteri' adlı eserin kahramanıyla ilgili aşağıdakilerin hangisine değinilmemiştir?,Paragrafta Anlam,Paragraf
ALES1_sorular-3,page_32.png,39,"Bu parçaya göre uzmanların, akvaryum tutkunlarından beklentisi aşağıdakilerden hangisidir?",Paragrafta Anlam,Paragraf
ALES1_sorular-3,page_32.png,40,Bu parçada pacuların hangi özelliğine dair bilgi verilmemiştir?,Paragrafta Anlam,Paragraf
ALES1_sorular-3,page_32.png,41,Bu parçaya göre aşağıdakilerden hangisi söylenemez?,Paragrafta Anlam,Paragraf
ALES1_sorular-3,page_32.png,42,Bu parçaya göre Michigan göllerinde karşılaşılan pacuların istilacı bir tür olarak değerlendirilmemesinin sebebi aşağıdakilerden hangisidir?,Paragrafta Anlam,Paragraf
ALES1_sorular-3,page_33.png,43,"Asuman, Cansu, Feride adlı kişilerden hangileri üç numaralı koltukta oturuyor olabilir?",Sözel Mantık,Yeni Nesil Mantık
ALES1_sorular-3,page_33.png,44,"Derya; iki, beş, yedi numaralı koltuklardan hangilerinde oturuyor olabilir?",Sözel Mantık,Yeni Nesil Mantık
ALES1_sorular-3,page_33.png,45,Aşağıdakilerden hangisi kesin olarak doğrudur?,Sözel Mantık,Yeni Nesil Mantık
ALES1_sorular-3,page_33.png,46,Cansu ile Gül'ün yan yana oturduğu biliniyorsa aşağıdakilerden hangisi doğrudur?,Sözel Mantık,Yeni Nesil Mantık
ALES1_sorular-3,page_34.png,47,Hangi gezegenlerde atmosfer ve yaşama elverişli sıcaklık bir arada bulunabilir?,Sözel Mantık,Yeni Nesil Mantık
ALES1_sorular-3,page_34.png,48,Aşağıdakilerden hangisi kesin olarak doğrudur?,Sözel Mantık,Yeni Nesil Mantık
ALES1_sorular-3,page_34.png,49,Dördüncü gezegende bütün öğeler bir arada bulunuyorsa aşağıdakilerden hangisi kesin olarak yanlıştır?,Sözel Mantık,Yeni Nesil Mantık
ALES1_sorular-3,page_34.png,50,Dördüncü gezegende atmosfer olmadığı biliniyorsa aşağıdakilerden hangisi doğrudur?,Sözel Mantık,Yeni Nesil Mantık
ALES1_sorular-3,page_36.png,1,Sayısal Testi sorusu.,Matematiksel İşlemler,Salt İşlem
ALES1_sorular-3,page_36.png,2,Sayısal Testi sorusu.,Matematiksel İşlemler,Salt İşlem
ALES1_sorular-3,page_36.png,3,Sayısal Testi sorusu.,Matematiksel İşlemler,Salt İşlem
ALES1_sorular-3,page_36.png,4,Sayısal Testi sorusu.,Matematiksel İşlemler,Salt İşlem
ALES1_sorular-3,page_36.png,5,Sayısal Testi sorusu.,Matematiksel İşlemler,Salt İşlem
ALES1_sorular-3,page_36.png,6,Sayısal Testi sorusu.,Matematiksel İşlemler,Salt İşlem
ALES1_sorular-3,page_36.png,7,Sayısal Testi sorusu.,Matematiksel İşlemler,Salt İşlem
ALES1_sorular-3,page_36.png,8,Sayısal Testi sorusu.,Matematiksel İşlemler,Salt İşlem
ALES1_sorular-3,page_36.png,9,Sayısal Testi sorusu.,Matematiksel İşlemler,Salt İşlem
ALES1_sorular-3,page_36.png,10,Sayısal Testi sorusu.,Matematiksel İşlemler,Salt İşlem
ALES1_sorular-3,page_36.png,11,Sayısal Testi sorusu.,Matematiksel İşlemler,Salt İşlem
ALES1_sorular-3,page_36.png,12,Sayısal Testi sorusu.,Matematiksel İşlemler,Salt İşlem
ALES1_sorular-3,page_36.png,13,Sayısal Testi sorusu.,Matematiksel İşlemler,Salt İşlem
ALES1_sorular-3,page_36.png,14,Sayısal Testi sorusu.,Matematiksel İşlemler,Salt İşlem
ALES1_sorular-3,page_36.png,15,Sayısal Testi sorusu.,Matematiksel İşlemler,Salt İşlem
ALES1_sorular-3,page_36.png,16,Sayısal Testi sorusu.,Sayı Problemleri,Problemler
ALES1_sorular-3,page_36.png,17,Sayısal Testi sorusu.,Sayı Problemleri,Problemler
ALES1_sorular-3,page_36.png,18,Sayısal Testi sorusu.,Sayı Problemleri,Problemler
ALES1_sorular-3,page_36.png,19,Sayısal Testi sorusu.,Sayı Problemleri,Problemler
ALES1_sorular-3,page_36.png,20,Sayısal Testi sorusu.,Sayı Problemleri,Problemler
ALES1_sorular-3,page_36.png,21,Sayısal Testi sorusu.,Sayı Problemleri,Problemler
ALES1_sorular-3,page_36.png,22,Sayısal Testi sorusu.,Sayı Problemleri,Problemler
ALES1_sorular-3,page_36.png,23,Sayısal Testi sorusu.,Sayı Problemleri,Problemler
ALES1_sorular-3,page_36.png,24,Sayısal Testi sorusu.,Sayı Problemleri,Problemler
ALES1_sorular-3,page_36.png,25,Sayısal Testi sorusu.,Sayı Problemleri,Problemler
ALES1_sorular-3,page_36.png,26,Sayısal Testi sorusu.,Sayı Problemleri,Problemler
ALES1_sorular-3,page_36.png,27,Sayısal Testi sorusu.,Sayı Problemleri,Problemler
ALES1_sorular-3,page_36.png,28,Sayısal Testi sorusu.,Sayı Problemleri,Problemler
ALES1_sorular-3,page_36.png,29,Sayısal Testi sorusu.,Sayı Problemleri,Problemler
ALES1_sorular-3,page_36.png,30,Sayısal Testi sorusu.,Sayı Problemleri,Problemler
ALES1_sorular-3,page_36.png,31,Sayısal Testi sorusu.,Veri Yorumlama,Tablo/Grafik Okuma
ALES1_sorular-3,page_36.png,32,Sayısal Testi sorusu.,Veri Yorumlama,Tablo/Grafik Okuma
ALES1_sorular-3,page_36.png,33,Sayısal Testi sorusu.,Veri Yorumlama,Tablo/Grafik Okuma
ALES1_sorular-3,page_36.png,34,Sayısal Testi sorusu.,Veri Yorumlama,Tablo/Grafik Okuma
ALES1_sorular-3,page_36.png,35,Sayısal Testi sorusu.,Veri Yorumlama,Tablo/Grafik Okuma
ALES1_sorular-3,page_36.png,36,Sayısal Testi sorusu.,Veri Yorumlama,Tablo/Grafik Okuma
ALES1_sorular-3,page_36.png,37,Sayısal Testi sorusu.,Veri Yorumlama,Tablo/Grafik Okuma
ALES1_sorular-3,page_36.png,38,Sayısal Testi sorusu.,Veri Yorumlama,Tablo/Grafik Okuma
ALES1_sorular-3,page_36.png,39,Sayısal Testi sorusu.,Veri Yorumlama,Tablo/Grafik Okuma
ALES1_sorular-3,page_36.png,40,Sayısal Testi sorusu.,Veri Yorumlama,Tablo/Grafik Okuma
ALES1_sorular-3,page_36.png,41,Sayısal Testi sorusu.,Mantıksal Akıl Yürütme,Yeni Nesil Mantık
ALES1_sorular-3,page_36.png,42,Sayısal Testi sorusu.,Mantıksal Akıl Yürütme,Yeni Nesil Mantık
ALES1_sorular-3,page_36.png,43,Sayısal Testi sorusu.,Mantıksal Akıl Yürütme,Yeni Nesil Mantık
ALES1_sorular-3,page_36.png,44,Sayısal Testi sorusu.,Mantıksal Akıl Yürütme,Yeni Nesil Mantık
ALES1_sorular-3,page_36.png,45,Sayısal Testi sorusu.,Mantıksal Akıl Yürütme,Yeni Nesil Mantık
ALES1_sorular-3,page_36.png,46,Sayısal Testi sorusu.,Mantıksal Akıl Yürütme,Yeni Nesil Mantık
ALES1_sorular-3,page_36.png,47,Sayısal Testi sorusu.,Mantıksal Akıl Yürütme,Yeni Nesil Mantık
ALES1_sorular-3,page_36.png,48,Sayısal Testi sorusu.,Mantıksal Akıl Yürütme,Yeni Nesil Mantık
ALES1_sorular-3,page_36.png,49,Sayısal Testi sorusu.,Mantıksal Akıl Yürütme,Yeni Nesil Mantık
ALES1_sorular-3,page_36.png,50,Sayısal Testi sorusu.,Mantıksal Akıl Yürütme,Yeni Nesil Mantık
ALES1_sorular-3,page_36.png,1,Sözel Testi sorusu.,Paragrafta Anlam,Paragraf
ALES1_sorular-3,page_36.png,2,Sözel Testi sorusu.,Paragrafta Anlam,Paragraf
ALES1_sorular-3,page_36.png,3,Sözel Testi sorusu.,Paragrafta Anlam,Paragraf
ALES1_sorular-3,page_36.png,4,Sözel Testi sorusu.,Paragrafta Anlam,Paragraf
ALES1_sorular-3,page_36.png,5,Sözel Testi sorusu.,Paragrafta Anlam,Paragraf
ALES1_sorular-3,page_36.png,6,Sözel Testi sorusu.,Paragrafta Anlam,Paragraf
ALES1_sorular-3,page_36.png,7,Sözel Testi sorusu.,Paragrafta Anlam,Paragraf
ALES1_sorular-3,page_36.png,8,Sözel Testi sorusu.,Paragrafta Anlam,Paragraf
ALES1_sorular-3,page_36.png,9,Sözel Testi sorusu.,Paragrafta Anlam,Paragraf
ALES1_sorular-3,page_36.png,10,Sözel Testi sorusu.,Paragrafta Anlam,Paragraf
ALES1_sorular-3,page_36.png,11,Sözel Testi sorusu.,Paragrafta Anlam,Paragraf
ALES1_sorular-3,page_36.png,12,Sözel Testi sorusu.,Paragrafta Anlam,Paragraf
ALES1_sorular-3,page_36.png,13,Sözel Testi sorusu.,Paragrafta Anlam,Paragraf
ALES1_sorular-3,page_36.png,14,Sözel Testi sorusu.,Paragrafta Anlam,Paragraf
ALES1_sorular-3,page_36.png,15,Sözel Testi sorusu.,Paragrafta Anlam,Paragraf
ALES1_sorular-3,page_36.png,16,Sözel Testi sorusu.,Paragrafta Anlam,Paragraf
ALES1_sorular-3,page_36.png,17,Sözel Testi sorusu.,Paragrafta Anlam,Paragraf
ALES1_sorular-3,page_36.png,18,Sözel Testi sorusu.,Paragrafta Anlam,Paragraf
ALES1_sorular-3,page_36.png,19,Sözel Testi sorusu.,Paragrafta Anlam,Paragraf
ALES1_sorular-3,page_36.png,20,Sözel Testi sorusu.,Paragrafta Anlam,Paragraf
ALES1_sorular-3,page_36.png,21,Sözel Testi sorusu.,Paragrafta Anlam,Paragraf
ALES1_sorular-3,page_36.png,22,Sözel Testi sorusu.,Paragrafta Anlam,Paragraf
ALES1_sorular-3,page_36.png,23,Sözel Testi sorusu.,Paragrafta Anlam,Paragraf
ALES1_sorular-3,page_36.png,24,Sözel Testi sorusu.,Paragrafta Anlam,Paragraf
ALES1_sorular-3,page_36.png,25,Sözel Testi sorusu.,Paragrafta Anlam,Paragraf
ALES1_sorular-3,page_36.png,26,Sözel Testi sorusu.,Paragrafta Anlam,Paragraf
ALES1_sorular-3,page_36.png,27,Sözel Testi sorusu.,Paragrafta Anlam,Paragraf
ALES1_sorular-3,page_36.png,28,Sözel Testi sorusu.,Paragrafta Anlam,Paragraf
ALES1_sorular-3,page_36.png,29,Sözel Testi sorusu.,Paragrafta Anlam,Paragraf
ALES1_sorular-3,page_36.png,30,Sözel Testi sorusu.,Paragrafta Anlam,Paragraf
ALES1_sorular-3,page_36.png,31,Sözel Testi sorusu.,Paragrafta Anlam,Paragraf
ALES1_sorular-3,page_36.png,32,Sözel Testi sorusu.,Paragrafta Anlam,Paragraf
ALES1_sorular-3,page_36.png,33,Sözel Testi sorusu.,Paragrafta Anlam,Paragraf
ALES1_sorular-3,page_36.png,34,Sözel Testi sorusu.,Paragrafta Anlam,Paragraf
ALES1_sorular-3,page_36.png,35,Sözel Testi sorusu.,Paragrafta Anlam,Paragraf
ALES1_sorular-3,page_36.png,36,Sözel Testi sorusu.,Sözel Mantık,Yeni Nesil Mantık
ALES1_sorular-3,page_36.png,37,Sözel Testi sorusu.,Sözel Mantık,Yeni Nesil Mantık
ALES1_sorular-3,page_36.png,38,Sözel Testi sorusu.,Sözel Mantık,Yeni Nesil Mantık
ALES1_sorular-3,page_36.png,39,Sözel Testi sorusu.,Sözel Mantık,Yeni Nesil Mantık
ALES1_sorular-3,page_36.png,40,Sözel Testi sorusu.,Sözel Mantık,Yeni Nesil Mantık
ALES1_sorular-3,page_36.png,41,Sözel Testi sorusu.,Sözel Mantık,Yeni Nesil Mantık
ALES1_sorular-3,page_36.png,42,Sözel Testi sorusu.,Sözel Mantık,Yeni Nesil Mantık
ALES1_sorular-3,page_36.png,43,Sözel Testi sorusu.,Sözel Mantık,Yeni Nesil Mantık
ALES1_sorular-3,page_36.png,44,Sözel Testi sorusu.,Sözel Mantık,Yeni Nesil Mantık
ALES1_sorular-3,page_36.png,45,Sözel Testi sorusu.,Sözel Mantık,Yeni Nesil Mantık
ALES1_sorular-3,page_36.png,46,Sözel Testi sorusu.,Sözel Mantık,Yeni Nesil Mantık
ALES1_sorular-3,page_36.png,47,Sözel Testi sorusu.,Sözel Mantık,Yeni Nesil Mantık
ALES1_sorular-3,page_36.png,48,Sözel Testi sorusu.,Sözel Mantık,Yeni Nesil Mantık
ALES1_sorular-3,page_36.png,49,Sözel Testi sorusu.,Sözel Mantık,Yeni Nesil Mantık
ALES1_sorular-3,page_36.png,50,Sözel Testi sorusu.,Sözel Mantık,Yeni Nesil Mantık
ALES2-12112019,page_5.png,1,(2/3 - 3/4 + 5/6) / (1/2 - 1/6) işleminin sonucu kaçtır?,Rasyonel Sayılar,Salt İşlem
ALES2-12112019,page_5.png,2,24^3 * 5^4 / (27 * 10^5) işleminin sonucu kaçtır?,Üslü Sayılar,Salt İşlem
ALES2-12112019,page_5.png,3,"Sayı doğrusunda yerleri verilen a, b ve c gerçek sayılarının kareköklerinin sayı doğrusu üzerindeki gösterimi aşağıdakilerden hangisi olabilir?",Köklü Sayılar,Yeni Nesil Mantık
ALES2-12112019,page_6.png,4,6! − 7! + 8! / (5!) • (5!) işleminin sonucu kaçtır?,Faktöriyel,Salt İşlem
ALES2-12112019,page_6.png,5,"A ve B birer rakam olmak üzere, 4AB|BA / =18 B bölme işlemine göre, A − B farkı kaçtır?",Sayı Basamakları,Problemler
ALES2-12112019,page_6.png,6,"a, b ve c gerçek sayıları için, a+b < a+c, a•c < 0 olduğuna göre, aşağıdaki sıralamalardan hangisi doğrudur?",Eşitsizlikler,Salt İşlem
ALES2-12112019,page_6.png,7,"x, y − x ve 2x sayıları küçükten büyüğe doğru sıralanmış ardışık üç çift tam sayıdır. Buna göre, x + y toplamı kaçtır?",Ardışık Sayılar,Problemler
ALES2-12112019,page_7.png,8,"y > -x ve y > x eşitsizlikleri verildiğinde, I. y > |x|, II. x > 0, III. y > 0 ifadelerinden hangileri her zaman doğrudur?",Eşitsizlikler,Salt İşlem
ALES2-12112019,page_7.png,9,"x, y, z pozitif sayılar olmak üzere, x + y = 4z, xz = 3, yz = 6 denklemleri verildiğinde, x + y + z toplamı kaçtır?",Denklem Çözme,Salt İşlem
ALES2-12112019,page_7.png,10,"5^(x+1) = 40 olduğuna göre, (25^x + 16) / (5^x + 8) ifadesinin değeri kaçtır?",Üslü Sayılar,Salt İşlem
ALES2-12112019,page_7.png,11,||x - 1| - 2| = 3 eşitliğini sağlayan x gerçek sayılarının çarpımı kaçtır?,Mutlak Değer,Salt İşlem
ALES2-12112019,page_8.png,12,"Eleman sayısı 10 olan bir kümenin A ve B alt kümeleri için s(A∪B) = 3∙s(A∩B) ve s(B\A) = 2 olduğuna göre, A kümesinin eleman sayısı en fazla kaçtır?",Kümeler,Problemler
ALES2-12112019,page_8.png,13,"Rakamları sıfırdan farklı iki basamaklı AB doğal sayısı ve rakamları yer değiştirilmiş BA doğal sayısı da 6 ile tam bölünebildiğine göre, bu koşulu sağlayan kaç farklı AB doğal sayısı vardır?",Bölünebilme Kuralları,Problemler
ALES2-12112019,page_8.png,14,Tam sayılar kümesi üzerinde aΔb = a∙b + a + b − 1 biçiminde tanımlanan Δ işlemi için (1Δ2)Δ4 işleminin sonucu kaçtır?,İşlem Yeteneği,Salt İşlem
ALES2-12112019,page_8.png,15,"n bir doğal sayı olmak üzere, 10ⁿ − 2 sayısının rakamları toplamı 44 olduğuna göre, n kaçtır?",Sayısal Mantık,Problemler
ALES2-12112019,page_9.png,16,"Bir otelde deniz ve dağ manzaralı odalar var. Deniz manzaralı oda ücreti, dağ manzaralıdan %20 fazla. Erken rezervasyonda %10 indirim var. Bir kişi 8 gün dağ manzaralı odaya erken rezervasyonla ödediği toplam ücretle, aynı kişi deniz manzaralı odaya erken rezervasyonsuz kaç gün kalabilir?",Yüzde Problemleri,Problemler
ALES2-12112019,page_9.png,17,"İçinde 1'den 5'e kadar numaralandırılmış beş topun bulunduğu kutudan, üç kişi sırayla kutuya geri atmadan ikişer top çekiyor. Her bir kişinin çektiği topların numaralarını toplayarak bir kağıda yazdığında, kağıtta yazan sayıların toplamı 16 oluyor. Bu torbadan kesinlikle çekilen top hangisidir?",Sayısal Mantık,Yeni Nesil Mantık
ALES2-12112019,page_9.png,18,"Bir duvarın yüzey alanının %25'i mavi, %30'u kırmızı, kalanı beyaz. Mavi kısmın bir bölümü tekrar maviye boyanıyor. Son durumda mavi, beyaz ve kırmızı kısımların alanları eşit olduğuna göre, mavi kısmın alanı başlangıçtakine göre yüzde kaç artmıştır?",Yüzde Problemleri,Problemler
ALES2-12112019,page_9.png,19,"120 metre uzunluğundaki parkurda Ali ve Barış aynı anda sabit hızlarla koşmaya başlıyor. Ali bitiş çizgisine vardığında Barış'ın bitiş çizgisine uzaklığı 24 metre. Barış bitiş çizgisine vardığında Ali'nin bitiş çizgisine uzaklığı 32 metre. Buna göre, Barış'ın bitiş çizgisine uzaklığı 32 metre iken, Ali'nin bitiş çizgisine uzaklığı kaç metredir?",Hız Problemleri,Problemler
ALES2-12112019,page_10.png,20,"Sinem, ikisi matematik ve ikisi geometri olmak üzere her birinde 20'şer soru bulunan 4 farklı test çözmüştür. Sinem'in bu 4 testteki doğru cevap sayılarının ortalaması 17, geometri testlerindeki doğru cevap sayılarının ortalaması ise 16'dır. Buna göre, Sinem'in bir matematik testindeki doğru cevap sayısı ile bir geometri testindeki doğru cevap sayısı arasındaki fark en fazla kaç olabilir?","Ortalama, Sayısal Mantık",Problemler
ALES2-12112019,page_10.png,21,"Bir bahçeden toplanan meyvelerin ağırlık dağılımı ve satılan meyvelerin oranları grafiklerle verilmiştir. Toplam meyve miktarının 130 kilogramı satılmadığına göre, toplam kaç kilogram meyve satılmıştır?","Grafik Yorumlama, Yüzde Problemleri",Tablo/Grafik Okuma
ALES2-12112019,page_10.png,22,"İki raflı bir kitaplığın her rafında 100'er kitap bulunmaktadır. Gökhan toplam 100 kitap okumuştur. Hakan, birinci raftaki kitapların 2/5'ini, ikinci raftaki kitapların 4/5'ini okumuştur. Buna göre, kitaplıkta hem Gökhan'ın hem de Hakan'ın okumuş olduğu ortak kitap sayısı en az kaçtır?","Kümeler, Kesir Problemleri, Sayısal Mantık",Problemler
ALES2-12112019,page_10.png,23,"10 erkek ve 6 kız öğrenciden oluşan 16 kişilik bir sınıftan; önce 1 sınıf başkanı, daha sonra biri kız, diğeri erkek olacak biçimde 2 başkan yardımcısı seçilecektir. Buna göre, bu seçim kaç farklı şekilde yapılabilir?","Permütasyon, Kombinasyon",Problemler
ALES2-12112019,page_11.png,24,"4 beyaz, 6 siyah gömlekten 2 tanesi düşüyor. Düşenlerin aynı renkte olma olasılığı nedir?",Olasılık,Problemler
ALES2-12112019,page_11.png,25,"Hedef tahtasında 3 atış, farklı harfli bölmelere isabet ediyor. Toplam puanı hangisi olamaz?",Sayısal Mantık,Yeni Nesil Mantık
ALES2-12112019,page_11.png,26,"Hedef tahtasında 3 atış, ikisi aynı harfli, üç farklı bölmeye isabet ediyor. En fazla puanı kaçtır?",Sayısal Mantık,Yeni Nesil Mantık
ALES2-12112019,page_12.png,27,"Depodaki gömleklerin 8 tanesi beyaz renkli olduğuna göre, pantolonların %25'i ve eteklerin %50'si beyaz renkli ise, depoda bulunan ürünlerin toplam sayısı kaçtır?",Grafik Problemleri,Tablo/Grafik Okuma
ALES2-12112019,page_12.png,28,"Siyah, gri ve beyaz renkli etek sayıları eşit; siyah gömlek ve siyah pantolon toplamı 90 ise, gri gömlek ve gri pantolon toplamı kaçtır?",Grafik Problemleri,Tablo/Grafik Okuma
ALES2-12112019,page_12.png,29,"A, B ve C makineleri belirli çalışma ve mola döngülerine sahiptir. A makinesi 100 vida üretimini tamamladığı anda, B ve C makineleri toplam kaç vida üretmiştir?",İşçi Problemleri,Problemler
ALES2-12112019,page_12.png,30,"A, B ve C makineleri yeni bir tura aynı anda başlayana kadar toplam kaç vida üretirler?",EKOK Problemleri,Problemler
ALES2-12112019,page_13.png,31,"Buna göre, [79] - [79 - [79]] ifadesinin değeri kaçtır?",Sayılar Teorisi,Salt İşlem
ALES2-12112019,page_13.png,32,[a] = 40 - a eşitliğini sağlayan a doğal sayılarının toplamı kaçtır?,Sayılar Teorisi,Problemler
ALES2-12112019,page_13.png,33,"a ve b pozitif tam sayılar [a] + [b] = 30 eşitliğini sağlamaktadır. Buna göre, a - b farkının alabileceği en büyük değer kaçtır?",Sayılar Teorisi,Problemler
ALES2-12112019,page_14.png,34,Ali'nin saati 12.42'yi gösterdiğinde Berk'in saati kaçı gösterir?,Sayısal Mantık,Tablo/Grafik Okuma
ALES2-12112019,page_14.png,35,"Doğa'nın saatine göre 11.51'de başlayan okulun öğle arası, Cem'in saatine göre 13.02'de bitmiştir. Öğle arası kaç dakikadır?",Sayısal Mantık,Tablo/Grafik Okuma
ALES2-12112019,page_14.png,36,"Öğrencilerin okula kendi saatine göre tam zamanında geldiği varsayılarak, okula geliş sıralaması ile ilgili ifadelerden hangileri doğrudur?",Sayısal Mantık,Yeni Nesil Mantık
ALES2-12112019,page_15.png,37,"Ayça, Buse, Cansu, Deniz ve Erkan'ın, 1'den 10'a kadar numaralı 10 toptan ikişer tane çekerek topların numaraları toplamını söyledikleri bir oyunda, eğer hepsi aynı sayıyı söylüyorsa bu sayı kaçtır?",Sayısal Mantık,Yeni Nesil Mantık
ALES2-12112019,page_15.png,38,"Buse'nin söylediği sayı Ayça'nınkinden 2, Cansu'nunki Buse'ninkinden 3, Deniz'inki Cansu'nunkinden 4, Erkan'ınki Deniz'inkinden 5 fazla olduğuna göre, elindeki topların numaraları arasındaki farkı en büyük olan oyuncu kimdir?",Sayısal Mantık,Yeni Nesil Mantık
ALES2-12112019,page_15.png,39,"Ayça, Buse, Cansu ve Deniz sırasıyla 16, 3, 17 ve 8 sayılarını söylüyor. Erkan'ın elindeki topların numaraları arasındaki fark kaçtır?",Sayısal Mantık,Yeni Nesil Mantık
ALES2-12112019,page_16.png,40,"A ve B kutularına yerleştirilen topların gösterildiği bir durumda, en alttaki topların numaraları a ve b ise, a+b toplamı kaçtır?",Mantık Problemleri,Yeni Nesil Mantık
ALES2-12112019,page_16.png,41,"Verilen kurala göre yapılan bir yerleştirmede, eğer x numaralı topun değeri bilindiğinde y numaralı topun değeri kesin olarak belirlenebiliyorsa, bu x ve y toplarının toplamı kaçtır?",Mantık Problemleri,Yeni Nesil Mantık
ALES2-12112019,page_16.png,42,Kurallara uygun olarak 6 topun iki kutuya yerleştirme işlemi toplam kaç farklı şekilde yapılabilir?,Kombinatorik,Yeni Nesil Mantık
ALES2-12112019,page_17.png,43,Dik üçgen ve ikizkenar üçgen özelliklerini kullanarak açı hesaplama.,Üçgenler - Açı Bağıntıları,Salt İşlem
ALES2-12112019,page_17.png,44,Paralel doğrularla oluşturulan üçgenlerde benzerlik kullanarak çevre hesaplama.,Üçgenler - Benzerlik,Problemler
ALES2-12112019,page_17.png,45,Dikdörtgen içindeki yamuk alanları ve kenar eşitliğine göre oran bulma.,Dörtgenler - Alan,Problemler
ALES2-12112019,page_17.png,46,Çeyrek çember içinde verilen paralel uzunluklar ve yarıçap bilgisiyle üçgen alanı hesaplama.,Çember ve Daire - Alan,Problemler
ALES2-12112019,page_18.png,47,"Dikdörtgen şeklindeki kol saatinde 1, 5, 7, 11 rakamları köşelerde, 5 ve 7 arası mesafe 18 birim ise, 4 ve 5 arası mesafe kaç birimdir?",Geometri,Problemler
ALES2-12112019,page_18.png,48,"Taban ayrıtları 4 ve 9 birim olan dikdörtgenler prizmasının hacmi, ayrıt uzunluğu 6 birim olan bir küpün hacmine eşitse, prizmanın yüzey alanı kaç birimkaredir?",Katı Cisimler,Problemler
ALES2-12112019,page_18.png,49,Bazı kenarları ve yüzey köşegenleri boyalı şeffaf bir küpün farklı yüzeylerinden dik bakıldığında elde edilen görünümlerden hangisi olamaz?,Uzamsal Yetenek,Yeni Nesil Mantık
ALES2-12112019,page_19.png,50,"Yukarıdaki halkalar arasından, hangi renkteki halka kesildiği zaman kalan diğer halkalar serbest kalır?",Mantık Problemleri,Yeni Nesil Mantık
ALES2-12112019,page_20.png,1,"Kimi insanların ---- bir biçimde meraklı olmaları; sistematik olarak ve inceden inceye düşünmek istemeleri, ---- nesnel bilgiler ve güvenilir açıklamalar ----, sosyolojinin doğuşunda şüphesiz pay sahibidir.",Cümle Tamamlama,Paragraf
ALES2-12112019,page_20.png,2,"Birinci Dünya Savaşı'nın ---- bıraktıkları arasında ilk akla gelenler milyonlarca ölü, kilometrelerce uzanan siperler, yıkılan devletler veya değişen dengeler olsa da bu büyük savaş, tıp ve kimya alanlarında pek çok gelişmenin de ---- oldu.",Cümle Tamamlama,Paragraf
ALES2-12112019,page_20.png,3,Evcil kedi sözü bir ---- içerir; hiçbir hayvan bir yandan bu kadar hareket özgürlüğü talep edip bu kadar ---- olup bir yandan da insanlarla böylesine uyumlu bir ilişki geliştirmemiştir.,Cümle Tamamlama,Paragraf
ALES2-12112019,page_20.png,4,"Gözlem, bilimsel araştırmanın konusunu teşkil eden olaylar grubu ile ilgili bir problemin ortaya konmasını, bir sorunun sorulmasını mümkün kılan veri toplama etkinliğidir. Gözlem, ----. Bilinçli bir şekilde bir problemle, bir soruyla ilgili verileri bir araya getirmektir.",Cümle Tamamlama,Paragraf
ALES2-12112019,page_21.png,5,İklim değişikliğinin nedenleri ve olası sonuçları hakkında farklı görüşlerin olduğu ve bu konuda çalışmaların devam ettiği belirtilen bir paragraftan çıkarılabilecek yargı.,Paragrafta Anlam,Paragraf
ALES2-12112019,page_21.png,6,"LOGO programlama dilinin başlangıçta yapay zekâ robotlarını hareket ettirmek için kullanıldığı, zamanla çocukların geometri öğrenmesine katkı sağladığı belirtilen cümleden çıkarılabilecek yargı.",Paragrafta Anlam,Paragraf
ALES2-12112019,page_21.png,7,"Thor Heyerdahl'ın Kon-Tiki seferi ve Kon-Tiki filmi hakkında verilen paragraftan, filmin asıl amacına dair çıkarılabilecek yargı.",Paragrafta Anlam,Paragraf
ALES2-12112019,page_22.png,8,Serseri Aşıklar filmi ile ilgili verilen bilgilerden hangisi yanlıştır?,Paragrafta Anlam,Paragraf
ALES2-12112019,page_22.png,9,Numaralanmış sözler anlamlı ve kurallı bir cümle oluşturacak biçimde sıralandığında baştan üçüncü hangisi olur?,Cümle Oluşturma,Sözel Mantık
ALES2-12112019,page_22.png,10,Numaralanmış sözler anlamlı ve kurallı bir cümle oluşturacak biçimde sıralandığında baştan üçüncü hangisi olur?,Cümle Oluşturma,Sözel Mantık
ALES2-12112019,page_22.png,11,Numaralanmış cümleler anlamlı bir bütün oluşturacak biçimde sıralandığında baştan dördüncü hangisi olur?,Paragraf Oluşturma,Sözel Mantık
ALES2-12112019,page_23.png,12,Verilen numaralı cümlelerden anlamlı bir bütün oluşturulduğunda dördüncü sıraya gelen cümlenin tespiti.,Cümle Sıralama,Paragraf
ALES2-12112019,page_23.png,13,Verilen numaralı cümlelerden anlamlı bir bütün oluşturmak için hangi iki cümlenin yer değiştirmesi gerektiği.,Cümle Yer Değiştirme,Paragraf
ALES2-12112019,page_24.png,14,Arkeoloji alanındaki yeni kanıtlar ve geçmişteki yanlış çıkarımlar üzerine 5 yargıdan doğru olanları seçme.,Paragrafta Anlam,Paragraf
ALES2-12112019,page_24.png,15,Öğretim sürecinde kullanılan materyaller ve etkinlikler üzerine 5 yargıdan doğru olanları seçme.,Paragrafta Anlam,Paragraf
ALES2-12112019,page_24.png,16,"Anomi kavramı ve toplumsal düzenin bozulması üzerine bir paragrafta, parçanın bütünlüğünü bozan cümleyi bulma.",Paragrafta Anlam,Paragraf
ALES2-12112019,page_24.png,17,"Walt Disney'in eğlence anlayışı ve tematik parklar üzerine bir paragrafta, parçanın bütünlüğünü bozan cümleyi bulma.",Paragrafta Anlam,Paragraf
ALES2-12112019,page_25.png,18,Peyami Safa'nın Türk edebiyatındaki önemi ve eserlerinin değerlendirilmesiyle ilgili verilen ifadelerden hangilerinin eserin içinde nasıl ele alınıp değerlendirildiğini gösteren önemli işaretler olduğu sorulmaktadır.,Paragrafta Anlam,Paragraf
ALES2-12112019,page_25.png,19,Verilen cümlede sözü edilen öykülerin bir niteliği DEĞİLDİR?,Sözcükte Anlam / Paragrafta Anlam,Paragraf
ALES2-12112019,page_25.png,20,Bu parçada uykuyla ilgili olarak asıl anlatılmak istenen aşağıdakilerden hangisidir?,Paragrafta Anlam,Paragraf
ALES2-12112019,page_26.png,21,"Şiir sözcüklerle yazılır. Şair, kendi hayal dünyasını ve orijinal imgelerini bir araya getirerek özgün sözcükler yaratır. Altı çizili ifadeyle anlatılmak istenen nedir?",Paragrafta Anlam,Paragraf
ALES2-12112019,page_26.png,22,"Zayıf karakterli kişiler durmadan başkalarıyla uğraşır, sahip olamadıkları üstünlükleri başkasına yüklemeye çalışırlar. Bu parçadan hareketle zayıf karakterli kişilerle ilgili hangisine ulaşılabilir?",Paragrafta Anlam,Paragraf
ALES2-12112019,page_26.png,23,Pek çok tartışmada doğru söz söylemek sizi haklı yapmaz; sözü doğru söylemek de gerekir. Bu parçanın yazarının aşağıdakilerden hangisini söylemesi beklenemez?,Paragrafta Anlam,Paragraf
ALES2-12112019,page_26.png,24,Biyolog Ulrike Bauer ve meslektaşlarının yakın zamanda keşfettiği tropikal bir bitki olan suibriği (Nepenthes) anlatılıyor. Bu parçada suibriği ile ilgili olarak aşağıdakilerden hangisine değinilmemiştir?,Paragrafta Anlam,Paragraf
ALES2-12112019,page_27.png,25,"Mark Twain'in, Shakespeare biyografilerini eleştirme sebebi nedir?",Paragrafta Anlam,Paragraf
ALES2-12112019,page_27.png,26,Cıvık mantarlarla ilgili olarak hangi bilgiye değinilmemiştir?,Paragrafta Anlam,Paragraf
ALES2-12112019,page_28.png,27,Sanatsal faaliyetlerin çocuk gelişimi üzerindeki etkileri hakkında verilen paragraftan ulaşılamayacak yargı.,Paragrafta Anlam,Paragraf
ALES2-12112019,page_28.png,28,Cahit Zarifoğlu'nun eseri 'Yaşamak' ile ilgili verilen paragraftan söylenemeyecek yargı.,Paragrafta Anlam,Paragraf
ALES2-12112019,page_29.png,29,Bu parçanın yazarına göre bir filmi çözümlemenin temel amacı aşağıdakilerden hangisidir?,Paragrafta Anlam,Paragraf
ALES2-12112019,page_29.png,30,Bu parçadan hareketle aşağıdakilerden hangisine ulaşılamaz?,Paragrafta Anlam,Paragraf
ALES2-12112019,page_30.png,31,Bu parçada aşağıdakilerden hangisine değinilmemiştir?,Paragrafta Anlam,Paragraf
ALES2-12112019,page_30.png,32,Bu parçaya göre ışık ve ateş gösterileriyle ilgili olarak aşağıdakilerden hangisi söylenebilir?,Paragrafta Anlam,Paragraf
ALES2-12112019,page_31.png,33,"Parçada sözü edilen yetkililere göre, Christie’nin yarış başlangıcını tahmin etmesi aşağıdakilerden hangisiyle ilişkilendirilmiştir?",Paragrafta Anlam,Paragraf
ALES2-12112019,page_31.png,34,Bu parçada aşağıdakilerden hangisine değinilmemiştir?,Paragrafta Anlam,Paragraf
ALES2-12112019,page_31.png,35,Bu parçada “tahmin etme” sorunuyla baş etmek için çözümlerinden hangileri önerilmiştir?,Paragrafta Anlam,Paragraf
ALES2-12112019,page_32.png,36,Bu parçadan ekofeminizm akımıyla ilgili olarak yargılarından hangilerine ulaşılabilir?,Paragrafta Anlam,Paragraf
ALES2-12112019,page_32.png,37,Bu parçadaki altı çizili söze ekofeminizmle ilgili olarak asıl anlatılmak istenen aşağıdakilerden hangisidir?,Paragrafta Anlam,Paragraf
ALES2-12112019,page_32.png,38,Bu parçada söz edilen ekofeminizme göre aşağıdakilerden hangisi kadınları ekolojik konularda erkeklerden farklılaştıran faktörlerden biri değildir?,Paragrafta Anlam,Paragraf
ALES2-12112019,page_33.png,39,Bu parçada altı çizili ifadelerde insan beyninin hangi özelliği vurgulanmamaktadır?,Paragrafta Anlam,Paragraf
ALES2-12112019,page_33.png,40,Bu parçanın VIII numaralı cümlesinde anlatılmak istenen yukarıdakilerden hangileri olamaz?,Paragrafta Anlam,Paragraf
ALES2-12112019,page_33.png,41,Bu parçada numaralanmış cümlelerden hangileri kendinden hemen önceki cümlede verilen yargıyı örneklemektedir?,Paragrafta Anlam,Paragraf
ALES2-12112019,page_33.png,42,Bu parçadan hareketle aşağıdaki yargılardan hangisine ulaşılamaz?,Paragrafta Anlam,Paragraf
ALES2-12112019,page_34.png,43,K kitabında kullanılmış olabilecek yazmalar,Sözel Mantık,Yeni Nesil Mantık
ALES2-12112019,page_34.png,44,D yazmasının kullanılmış olabileceği kitaplar,Sözel Mantık,Yeni Nesil Mantık
ALES2-12112019,page_34.png,45,Kesin olarak yanlış olan ifade,Sözel Mantık,Yeni Nesil Mantık
ALES2-12112019,page_34.png,46,K ve L'de ortak iki yazma olduğu varsayımıyla doğru ifade,Sözel Mantık,Yeni Nesil Mantık
ALES2-12112019,page_35.png,47,"Ali, Cem, Eylem, Figen adlı kişilerden hangileri yarışı ilk üç sırada bitirmiştir?",Sözel Mantık,Yeni Nesil Mantık
ALES2-12112019,page_35.png,48,Aşağıdaki kişilerden hangileri aynı takımın üyesidir?,Sözel Mantık,Yeni Nesil Mantık
ALES2-12112019,page_35.png,49,Aşağıdakilerden hangisi yanlıştır?,Sözel Mantık,Yeni Nesil Mantık
ALES2-12112019,page_35.png,50,Deniz'in yarışı kırmızı takımın bir üyesinden hemen sonra tamamladığı biliniyorsa aşağıdakilerden hangisi doğrudur?,Sözel Mantık,Yeni Nesil Mantık
ALES2_sorular,page_3.png,1,Rasyonel sayı işlemi: (5 + 3/4 + 1/2) / (5 - 3/4 - 1/2),Rasyonel Sayılar,Salt İşlem
ALES2_sorular,page_3.png,2,Üslü sayı işlemi: (2^8 + 4^4 + 8^2) / (2^8 - 8^2),Üslü Sayılar,Salt İşlem
ALES2_sorular,page_3.png,3,Köklü sayı işlemi: (3√48 - 2√75) / (√150 - √96),Köklü Sayılar,Salt İşlem
ALES2_sorular,page_3.png,4,"Ondalıklı ve rasyonel sayı işlemi: 1 / 0,3 * ((4/5 - 0,8) / (3/4))",Rasyonel ve Ondalıklı Sayılar,Salt İşlem
ALES2_sorular,page_4.png,5,7! - 6! + 5! / 6! işleminin sonucu kaçtır?,Faktöriyel,Salt İşlem
ALES2_sorular,page_4.png,6,"ABA + AAB = 73C olduğuna göre, A • B • C çarpımı kaçtır?",Sayı Basamakları,Salt İşlem
ALES2_sorular,page_4.png,7,x-1/2 - x-2/3 + x-3/4 = 4 eşitliğini sağlayan x gerçel sayısı kaçtır?,Rasyonel Denklemler,Salt İşlem
ALES2_sorular,page_4.png,8,2x+1/3 <= 3-2x < 7 eşitsizliğini sağlayan x tam sayılarının toplamı kaçtır?,Eşitsizlikler,Salt İşlem
ALES2_sorular,page_5.png,9,"A, B, C rakamları için AB, AC, BA, BC, CA, CB iki basamaklı doğal sayılarından ikisi tek, dördü çift ise hangi ifade her zaman çifttir?",Sayılar Teorisi (Tek-Çift Sayılar),Problemler
ALES2_sorular,page_5.png,10,"√(27^x / 9^(x-1)) = 18 olduğuna göre, 3^x ifadesinin değeri kaçtır?",Üslü Sayılar ve Köklü Sayılar,Salt İşlem
ALES2_sorular,page_5.png,11,"(B ∪ C) ⊂ A olmak üzere; s(B \ C) = s(B ∩ C) = 6 ve s(A \ C) = s(A \ B) = 10 eşitlikleri veriliyor. Buna göre, s(B ∪ C) kümesinin eleman sayısı kaçtır?",Kümeler,Salt İşlem
ALES2_sorular,page_5.png,12,"|a - 4| = b ve |b - a| = 3 eşitlikleri veriliyor. Buna göre, a'nın alabileceği farklı değerlerin toplamı kaçtır?",Mutlak Değer,Salt İşlem
ALES2_sorular,page_6.png,13,f(x) = x/a + 1/b fonksiyonu için f(0) = -1/2 ve f(1) = 1/2 olduğuna göre a+b toplamı kaçtır?,Fonksiyonlar,Salt İşlem
ALES2_sorular,page_6.png,14,"A ve B birer rakam olmak üzere, dört basamaklı ABBA sayısı 3'e, AABB sayısı 4'e tam bölündüğüne göre A·B çarpımı kaçtır?",Bölünebilme Kuralları,Problemler
ALES2_sorular,page_6.png,15,"Üç basamaklı A5B doğal sayısı, üç basamaklı BA5 doğal sayısından 108 fazlasına eşit olduğuna göre A+B toplamı kaçtır?",Sayı Basamakları,Salt İşlem
ALES2_sorular,page_6.png,16,"Bir odanın duvarları ve tavanı boyanacaktır. Beyaz boya 2 TL/m², mavi boya 3 TL/m². Duvarlar beyaza, tavan maviye boyanırsa 120 TL; duvarlar maviye, tavan beyaza boyanırsa 150 TL. Buna göre, odanın tavanı kaç metrekaredir?",Denklem Kurma Problemleri,Problemler
ALES2_sorular,page_7.png,17,"90 kişilik bir grupta herkes edebiyat, müzik veya resim kulüplerinden sadece birini seçmiştir. 56 kişi edebiyat kulübünü seçmemiş, 67 kişi resim kulübünü seçmemiştir. Kaç kişi müzik kulübünü seçmiştir?",Kümeler,Problemler
ALES2_sorular,page_7.png,18,"Pelin iki günlük spor programında yürüme ve koşma süreleri belirlemiştir. İkinci gün yürüme süresi aynı kalırken, koşma süresi %50 artırılmıştır. İkinci gün yürüme süresi koşma süresine eşit olmuştur. Buna göre, ikinci gün toplam süre, birinci güne göre yüzde kaç artmıştır?",Yüzde Problemleri,Problemler
ALES2_sorular,page_7.png,19,"Aysu, Bensu ve Cansu'nun yaşları için: Aysu'nun yaşı, Bensu ve Cansu'nun yaşları toplamına eşittir. Bensu ile Cansu'nun yaş farkı, Aysu ile Bensu'nun yaş farkının 2 katıdır. Üç kardeşin yaşları toplamı 40 ise, Bensu'nun yaşı kaçtır?",Yaş Problemleri,Problemler
ALES2_sorular,page_8.png,20,"Bir üniversitenin matematik bölümündeki zorunlu ve seçmeli derslerin dağılımı daire grafikleriyle verilmiştir. Geometri alanında açılan zorunlu ders sayısı seçmeli ders sayısına eşitse, seçmeli derslerin dağılımını gösteren grafiği bulunuz.",Grafik Problemleri,Tablo/Grafik Okuma
ALES2_sorular,page_8.png,21,"A, B, C, D, E ve F ülkelerinin milli takımları, komşu ülkelerin aynı grupta olamayacağı şekilde üçerli ikişerli gruplara ayrılmıştır. Verilen önermelerin doğruluğunu değerlendiriniz.",Sözel Mantık,Yeni Nesil Mantık
ALES2_sorular,page_8.png,22,"Ayşe, 5 farklı bilezik ve 2 kolyeden oluşan takılarından üç günlük davet için her gün bir bilezik bir kolye seçecektir. Art arda aynı kolyeyi takmaması ve üç günde 3 farklı bilezik takması koşuluyla kaç farklı seçim yapabileceğini bulunuz.",Permütasyon ve Kombinasyon,Problemler
ALES2_sorular,page_9.png,23,"Her takımda toplam yarışmacı sayısı eşitse, 2. takımdaki kadın yarışmacı sayısı kaçtır?",Sayı Problemleri,Problemler
ALES2_sorular,page_9.png,24,"1. takımdaki erkek yarışmacı sayısı 15 ise, yarışmadaki toplam yarışmacı sayısı kaçtır?",Sayı Problemleri,Problemler
ALES2_sorular,page_9.png,25,"Toplam 125 öğrenci katıldı, A mesleğini 20, D mesleğini 24 öğrenci tercih etti. Buna göre, B mesleğini tercih etmeyen öğrenci sayısı kaçtır?",Tablo/Grafik Yorumlama,Tablo/Grafik Okuma
ALES2_sorular,page_9.png,26,"C mesleğini tercih eden 30, tercih etmeyen 25 kişidir. A mesleğini tercih etmeyen öğrenci sayısı, E mesleğini tercih etmeyen öğrenci sayısından 35 fazla ise, E mesleğini tercih etmeyen öğrenci sayısı kaçtır?",Tablo/Grafik Yorumlama,Tablo/Grafik Okuma
ALES2_sorular,page_10.png,27,Verilen şemadaki dairelere 1'den 5'e kadar rakamları birer kez yerleştirme ve karelere bağlı dairelerin mutlak farkını yazma kuralına göre a + b toplamı kaçtır?,Sayısal Mantık,Yeni Nesil Mantık
ALES2_sorular,page_10.png,28,Verilen şemadaki dairelere 1'den 5'e kadar rakamları birer kez yerleştirme ve karelere bağlı dairelerin mutlak farkını yazma kuralına göre x + y + z toplamı kaçtır?,Sayısal Mantık,Yeni Nesil Mantık
ALES2_sorular,page_11.png,29,"Çay makinesiyle 2 açık, 4 normal ve 1 koyu çay yapıldıktan sonra 350 ml sıcak su kalmıştır. Başlangıçtaki sıcak su miktarı nedir?",Problemler,Problemler
ALES2_sorular,page_11.png,30,"Çay makinesinin sıcak su ve dem hazneleri boşalana kadar çay yapıldığında, doldurulan minimum toplam bardak sayısı nedir?",Problemler,Problemler
ALES2_sorular,page_11.png,31,"4 açık, 6 normal ve belirli sayıda koyu çay yapıldığında sıcak su bitmiş, demden 5 ml kalmıştır. Kaç bardak koyu çay yapılmıştır?",Problemler,Problemler
ALES2_sorular,page_12.png,32,"30 top ile başlayan bir oyunda, Ali her turda 1, Can 3, Deniz 2 top almaktadır. Buse ve Elif'in oyun boyunca toplam kaç top aldığını bulun.",Sözel Mantık,Yeni Nesil Mantık
ALES2_sorular,page_12.png,33,"23 top ile başlayan bir oyunda, Buse ve Can bir önceki oyuncudan 1 fazla, Elif ise bir önceki oyuncudan 2 fazla top alıyorsa, oyunu kim kazanır?",Sözel Mantık,Yeni Nesil Mantık
ALES2_sorular,page_12.png,34,"9 top ile başlayan bir oyunda, kazanan kaç farklı kişi olabilir?",Sözel Mantık,Yeni Nesil Mantık
ALES2_sorular,page_13.png,35,"Bir eşit kollu terazinin sol kefesinde bir kare, bir daire ve bir üçgen; sağ kefesinde üç üçgen ve bir daire bulunmaktadır. Terazi dengede olup daire cismin ağırlığı 5 kilogramdır. Buna göre, bir kare cisim ile bir üçgen cismin ağırlıkları toplamı kaç kilogramdır?",Denge Problemleri,Yeni Nesil Mantık
ALES2_sorular,page_13.png,36,"İki eşit kollu terazi verilmiştir. 1. terazi dengededir (sol: bir kare, bir üçgen; sağ: iki daire). 2. terazi dengede değildir, sol kefe daha ağırdır (sol: bir kare, bir daire; sağ: iki üçgen). Kare (K), daire (D) ve üçgen (Ü) cisimlerinin ağırlıklarına göre doğru sıralama istenmektedir.","Denge Problemleri, Eşitsizlikler",Yeni Nesil Mantık
ALES2_sorular,page_13.png,37,"İki eşit kollu terazi de dengededir. 1. terazi (sol: bir kare, iki üçgen; sağ: iki daire). 2. terazi (sol: bir daire, bir üçgen; sağ: bir kare, bir daire). Bir kare cismin ağırlığı 9 kilogram olduğuna göre, bir üçgen cismin ağırlığı kaç kilogramdır?","Denge Problemleri, Denklem Sistemleri",Yeni Nesil Mantık
ALES2_sorular,page_14.png,38,İlk sayı 17 ise kurala göre altıncı sayıyı bulma,Sayı Dizileri,Yeni Nesil Mantık
ALES2_sorular,page_14.png,39,Yedinci sayı 99 ise kurala göre ikinci sayıyı bulma,Sayı Dizileri,Yeni Nesil Mantık
ALES2_sorular,page_14.png,40,Verilen sayılardan hangilerinin kurala göre 'son sayı' olabileceğini belirleme,Sayı Dizileri,Yeni Nesil Mantık
ALES2_sorular,page_15.png,41,"Aşağıdaki tablonun boyama işlemi tamamlanmıştır. Buna göre, a + b + c + d toplamı kaçtır?",Sayısal Mantık,Yeni Nesil Mantık
ALES2_sorular,page_15.png,42,"Aşağıdaki tablonun boyama işlemi yapılmamıştır. Buna göre, tablonun boyama işlemi tamamlandığında kaç tane hücre maviye boyanmış olur?",Sayısal Mantık,Yeni Nesil Mantık
ALES2_sorular,page_15.png,43,"Aşağıdaki tablonun boyama işlemi tamamlanmıştır. Buna göre, boş hücrelere yazılması gereken sayıların toplamı kaçtır?",Sayısal Mantık,Yeni Nesil Mantık
ALES2_sorular,page_16.png,44,"ABC ikizkenar üçgeninde D ∈ [BC], |AB|=|AC|, m(CAD)=38°, m(ADC)=81° olduğuna göre m(BAD)=x kaç derecedir?",Geometri (Üçgenlerde Açılar),Salt İşlem
ALES2_sorular,page_16.png,45,"ABC eşkenar üçgeninde D ve E noktaları kenarlar üzerinde. |CE|=|EB|, |AD|=|DE|, |AC|=8 birim olduğuna göre DBE üçgeninin alanı kaç birimkaredir?",Geometri (Üçgenlerde Alan),Salt İşlem
ALES2_sorular,page_16.png,46,"ABCD eşkenar dörtgen, AFE eşkenar üçgen. E ve F noktaları ABCD dörtgeninin kenarları üzerindedir. m(DAE)=m(BAF)=30°, |EF|=6 birim olduğuna göre ABCD dörtgeninin çevresi kaç birimdir?",Geometri (Dörtgenler ve Üçgenler),Salt İşlem
ALES2_sorular,page_16.png,47,"ABCD ve EBMN dikdörtgenler. C ∈ [AB] ve C ∈ [BM]. |AE|=6 birim, |EB|=|BC|=8 birim, |CM|=5 birim. A, K, L ve M noktaları doğrusaldır. Buna göre boyalı bölgenin alanı kaç birimkaredir?",Geometri (Dikdörtgenlerde Alan),Salt İşlem
ALES2_sorular,page_17.png,48,"Çemberde açılarla ilgili bir geometri sorusu. AB çaplı çemberde m(CAB) = 30°, m(BEC) = 110° ise m(BOD) = x kaç derecedir?",Geometri (Çemberde Açılar),Salt İşlem
ALES2_sorular,page_17.png,49,"6 rakamdan oluşan bir ekran kilidi şifresinde, ilk rakam hariç her bir adımda önceki rakamdan 1 veya 3 farkı olan ve daha önce seçilmemiş bir rakam seçilmelidir. Örnek bir şifre verilmiştir. Buna göre aşağıdakilerden hangisi verilen koşulları sağlamayan bir çizgi şifresidir?",Sayısal Mantık,Yeni Nesil Mantık
ALES2_sorular,page_18.png,50,"Dört duvarı olan bir odanın iç tasarımına ait yan yana iki duvarı gösteren dört farklı maket verilmiştir. Bu maketlerden üçü aynı odaya ait olduğuna göre, bu odaya ait olmayan maket hangisi olabilir?",Görsel-Uzaysal Akıl Yürütme,Yeni Nesil Mantık
ALES2_sorular,page_19.png,1,"Yıllarca dünyanın en büyük radyo teleskobu olarak birçok keşfe ---- araştırmaların gerçekleştirildiği Arecibo Gözlemevi, bölgede meydana gelen depremler ve şiddetli kasırgalara ---- için çöktü ve bir devir sona erdi.",Cümlede Anlam,Paragraf
ALES2_sorular,page_19.png,2,"Bir filmi veya diziyi izlemek; entelektüel ve duygu içeren bir etkinliği çocuğunla, arkadaşınla veya eşinle birlikte yapmaya ----; kolektif bir eylemken bir şeyler okumak ise ---- gereksinim duyar.",Cümlede Anlam,Paragraf
ALES2_sorular,page_19.png,3,"Hayatın pratik gerçekleriyle espriyi birleştirmekte zorluk çekmeyen hocamız; hem komisyonlara olan inançsızlığını hem de en hızlı ve doğru kararların, farklı fikirlerin çatışmasından değil bireysel kararlılıktan ve dikkatten çıktığını ironiyle vurgulamak için ----, derdi.",Cümlede Anlam,Paragraf
ALES2_sorular,page_19.png,4,"Gündelik hayat, bireysel etkileşimler çerçevesinde işleyen bir yeniden üretim alanıdır. Şaşırtıcı yönü; belirsizlik veren durumlarda bile rutin, istikrarlı ve düzenli bir biçimde seyretmesidir. ----. Bunun nedeni gündelik bilgilerimizi, toplumsal hayata bir düzenlilik duygusu kazandırarak yaratıcı biçimde kullanma zorunluluğumuzdur.",Paragrafta Anlam,Paragraf
ALES2_sorular,page_20.png,5,"Statü kavramının toplumsal algısı, değişimi ve günümüzdeki ifade biçimleriyle ilgili bir paragraftan çıkarım veya boşluk doldurma sorusu.",Paragrafta Anlam,Paragraf
ALES2_sorular,page_20.png,6,"18. yüzyıl Paris'inde terzilerin sadece saray için değil, şehirdeki kişiler ve ziyaretçiler için kişiye özel giysiler tasarlayarak 'haute couture' kültürünü oluşturmasıyla ilgili verilen cümleden çıkarılabilecek kesin yargı.",Paragrafta Anlam,Paragraf
ALES2_sorular,page_20.png,7,"Yapımı 1573'te tamamlanan, yanındaki bostanında tarım yapılan Piyale Paşa Camisi'nin Osmanlı Dönemi'ndeki benzer cami inşa geleneğinin günümüze ulaşan tek örneği olmasıyla ilgili verilen cümleden çıkarılabilecek kesin yargı.",Paragrafta Anlam,Paragraf
ALES2_sorular,page_21.png,8,Güneş ışığı yansıması ve gezegenlerin parlaklığı arasındaki ilişkiyi açıklayan metne göre doğru yargıyı bulma.,Paragrafta Anlam,Paragraf
ALES2_sorular,page_21.png,9,Numaralanmış sözcük gruplarından anlamlı ve kurallı bir cümle oluşturulduğunda baştan üçüncü ifadeyi bulma.,Sözcük Sıralama,Sözel Mantık
ALES2_sorular,page_21.png,10,Numaralanmış sözcük gruplarından anlamlı ve kurallı bir cümle oluşturulduğunda baştan dördüncü ifadeyi bulma.,Sözcük Sıralama,Sözel Mantık
ALES2_sorular,page_21.png,11,Numaralanmış cümlelerden anlamlı bir bütün paragraf oluşturulduğunda baştan üçüncü ifadeyi bulma (estetik ve felsefe konulu).,Cümle Sıralama / Paragraf Oluşturma,Sözel Mantık
ALES2_sorular,page_22.png,13,Anlamlı bir bütün oluşturacak biçimde sıralanması gereken (depresyon ve kişisel gelişim konulu) cümlelerde hangileri yer değiştirmelidir?,Paragrafta Anlam,Paragraf
ALES2_sorular,page_22.png,14,Anlamlı bir bütün oluşturacak biçimde sıralanması gereken (kriptobentik resif balıkları konulu) cümlelerde hangileri yer değiştirmelidir?,Paragrafta Anlam,Paragraf
ALES2_sorular,page_22.png,15,Anlamlı bir bütün oluşturacak biçimde sıralanması gereken (uzay ve okyanus keşfi konulu) cümlelerde hangileri yer değiştirmelidir?,Paragrafta Anlam,Paragraf
ALES2_sorular,page_23.png,16,Verilen parçanın anlam bütünlüğünü bozan cümleyi bulunuz.,Paragrafta Anlam Bütünlüğü,Paragraf
ALES2_sorular,page_23.png,17,Verilen parçanın anlam bütünlüğünü bozan cümleyi bulunuz.,Paragrafta Anlam Bütünlüğü,Paragraf
ALES2_sorular,page_23.png,18,Verilen parçanın anlam bütünlüğünü bozan cümleyi bulunuz.,Paragrafta Anlam Bütünlüğü,Paragraf
ALES2_sorular,page_23.png,19,Bu parçada karakterlerle ilgili anlatılmak istenen aşağıdakilerden hangisidir?,Paragrafta Anlam,Paragraf
ALES2_sorular,page_24.png,20,Schopenhauer'ın duyusal birikim ve enformasyonun zihinde işlenmesi üzerine görüşleri. Parçada asıl anlatılmak istenen nedir?,Paragrafta Anlam,Paragraf
ALES2_sorular,page_24.png,21,"Aldığımız kararlar ve başkalarının dayattığı kararlar arasındaki farkın vurgulandığı cümlede, hangi önemin vurgulandığı soruluyor.",Cümlede Anlam,Paragraf
ALES2_sorular,page_24.png,22,Komedya ve tragedyanın özelliklerinin karşılaştırıldığı bir paragraf. Hangisi komedyayı tragedyadan ayıran bir özellik değildir?,Paragrafta Anlam,Paragraf
ALES2_sorular,page_25.png,23,Bu parçadan aşağıdakilerden hangisine ulaşılamaz?,Paragrafta Anlam,Paragraf
ALES2_sorular,page_25.png,24,Bu parçadan aşağıdakilerden hangisine ulaşılamaz?,Paragrafta Anlam,Paragraf
ALES2_sorular,page_26.png,25,"Descartes'ın 'Düşünüyorum, o halde varım' sözü ve şüphenin bilgi edinmedeki rolü üzerine bir metinden ulaşılabilecek yargıyı sorgular.",Paragrafta Anlam,Paragraf
ALES2_sorular,page_26.png,26,"Diyaloğa dayalı filmlerin tiyatral özellikleri, oyuncu yönetimi ve sinemanın görsel özü üzerine bir metinden hangisine karşılık söylenemez (cevabı metinde yoktur) sorusunu sorar.",Paragrafta Anlam,Paragraf
ALES2_sorular,page_26.png,27,"Yazarın ahlaki tutumu, 'öteki' bilinci, mizacı ve inadı üzerine bir metinden yazarla ilgili hangisinin söylenemeyeceğini sorar.",Paragrafta Anlam,Paragraf
ALES2_sorular,page_27.png,28,Bu parçada Molière ile ilgili aşağıdakilerden hangisine değinilmemiştir?,Paragrafta Anlam,Paragraf
ALES2_sorular,page_28.png,29,Erich Fromm'un sevgiye bakış açısıyla ilgili ne söylenebilir?,Paragrafta Anlam,Paragraf
ALES2_sorular,page_28.png,30,Sevgi ile ilgili aşağıdakilerin hangisine değinilmemiştir?,Paragrafta Anlam,Paragraf
ALES2_sorular,page_29.png,31,Bu parçada umutsuzlukla ilgili aşağıdakilerin hangisine ulaşılabilir?,Paragrafta Anlam,Paragraf
ALES2_sorular,page_29.png,32,Bu parçada altı çizili ifadeyle umutsuzlarla ilgili anlatılmak istenen aşağıdakilerden hangisidir?,Paragrafta Anlam,Paragraf
ALES2_sorular,page_30.png,33,Bu parçada gaslighting ile ilgili aşağıdakilerin hangisine değinilmemiştir?,Paragrafta Anlam,Paragraf
ALES2_sorular,page_30.png,34,Bu parçadan hareketle aşağıdakilerden hangisi gaslightinge maruz kalan kişilerde görülen durumlardan biri değildir?,Paragrafta Anlam,Paragraf
ALES2_sorular,page_30.png,35,Bu parçada altı çizili sözle gaslightingin hangi davranışı vurgulanmıştır?,Paragrafta Anlam,Paragraf
ALES2_sorular,page_31.png,36,Bu parçada Dian Fossey ile ilgili aşağıdakilerin hangisine değinilmemiştir?,Paragrafta Anlam,Paragraf
ALES2_sorular,page_31.png,37,Bu parçada söz edilen gorillerle ilgili aşağıdakilerin hangisine ulaşılabilir?,Paragrafta Anlam,Paragraf
ALES2_sorular,page_31.png,38,Bu parçada söz edilen gorillerle ilgili aşağıdakilerden hangisi söylenemez?,Paragrafta Anlam,Paragraf
ALES2_sorular,page_32.png,39,Bu parçada IQ testleriyle ilgili eleştirilen durum aşağıdakilerden hangisidir?,Paragrafta Anlam,Paragraf
ALES2_sorular,page_32.png,40,Bu parçada Kenyalılar'la ilgili aşağıdakilerin hangisine ulaşılabilir?,Paragrafta Anlam,Paragraf
ALES2_sorular,page_33.png,41,Aşağıdaki durumlardan hangisi bu parçada anlatılanları desteklemez?,Paragrafta Anlam,Paragraf
ALES2_sorular,page_33.png,42,Bu parçada zekâ ile ilgili aşağıdakilerin hangisine değinilmiştir?,Paragrafta Anlam,Paragraf
ALES2_sorular,page_34.png,43,"Nihal, Oya ve Pınar'dan hangilerinin yaptırdığı işlemler kesin olarak bilinmektedir?",Sözel Mantık,Yeni Nesil Mantık
ALES2_sorular,page_34.png,44,"Meryem, Nihal ve Pınar'dan hangileri saç kestirmiş olabilir?",Sözel Mantık,Yeni Nesil Mantık
ALES2_sorular,page_34.png,45,Aşağıdakilerden hangisi kesin olarak doğrudur?,Sözel Mantık,Yeni Nesil Mantık
ALES2_sorular,page_34.png,46,Toplam üç kişinin aynı iki işlemi yaptırdığı biliniyorsa aşağıdakilerden hangisi doğrudur?,Sözel Mantık,Yeni Nesil Mantık
ALES2_sorular,page_35.png,47,"Ali, Buket, Deniz adlı yolculardan hangileri S durağında inmiş olabilir?",Sözel Mantık,Yeni Nesil Mantık
ALES2_sorular,page_35.png,48,Aşağıdakilerden hangisi kesin olarak yanlıştır?,Sözel Mantık,Yeni Nesil Mantık
ALES2_sorular,page_35.png,49,Tüm yolcuların seyahat ettikleri vagonların ve indikleri durakların tam olarak belirlenebilmesi için aşağıdakilerden hangisinin bilinmesi yeterlidir?,Sözel Mantık,Yeni Nesil Mantık
ALES2_sorular,page_35.png,50,Canan ve Elif'in aynı durakta indiği biliniyorsa aşağıdakilerden hangisi doğrudur?,Sözel Mantık,Yeni Nesil Mantık
ALES2_sorular-2,page_3.png,1,(1 + 1/2) * (2 - 2/3) / ((3 + 3/4) * (4 - 4/5)) işleminin sonucu kaçtır?,Rasyonel Sayılar,Salt İşlem
ALES2_sorular-2,page_3.png,2,(4 + 1/4 - 2) / (2 - 3/2 - 4) işleminin sonucu kaçtır?,Rasyonel Sayılar,Salt İşlem
ALES2_sorular-2,page_3.png,3,√75 / (1/√3 + √12/4) işleminin sonucu kaçtır?,Köklü Sayılar,Salt İşlem
ALES2_sorular-2,page_3.png,4,7! / (3! * 4!) işleminin sonucu kaçtır?,Faktöriyel,Salt İşlem
ALES2_sorular-2,page_4.png,5,Sayı doğrusu üzerinde -5/7 ve 2'ye eşit uzaklıkta olan sayı aşağıdakilerden hangisidir?,Rasyonel Sayılar,Salt İşlem
ALES2_sorular-2,page_4.png,6,"a, b ve c gerçek sayıları için a^b = 6, a^(b+1) = 12, a^(b+c) = 18 eşitlikleri veriliyor. Buna göre, aşağıdaki sıralamalardan hangisi doğrudur?",Üslü Sayılar,Salt İşlem
ALES2_sorular-2,page_4.png,7,"1/(2x) + 2/(3x) - 3/(4x) = 15/16 olduğuna göre, x gerçek sayısı kaçtır?",Cebir,Salt İşlem
ALES2_sorular-2,page_4.png,8,2x - 3 <= 3x - 6 <= x + 4 eşitsizliğini sağlayan x tam sayılarının toplamı kaçtır?,Eşitsizlikler,Salt İşlem
ALES2_sorular-2,page_5.png,9,"a².c³ < 0, b+c > 0, a.b³.c⁵ > 0 eşitsizliklerini sağlayan a, b ve c gerçel sayılarının işaretleri.",Eşitsizlikler,Salt İşlem
ALES2_sorular-2,page_5.png,10,"a < 0 < b olmak üzere, |2a + 5b| = |a + 7b| eşitliği veriliyor. Buna göre, a/b oranı kaçtır?",Mutlak Değer,Salt İşlem
ALES2_sorular-2,page_5.png,11,"▲, ■, ★ sembollerinden biri toplama, biri çarpma diğeri ise bölme işlemini temsil ettiğinde 3★2▲1=3■2■1 ve 8▲4=2■1 eşitlikleri sağlanıyor. Buna göre, (5★3)▲(6■4) ifadesinin değeri kaçtır?",İşlem Yeteneği,Yeni Nesil Mantık
ALES2_sorular-2,page_5.png,12,"f(x - (x-3)/4) = 2x - a fonksiyonu tanımlanıyor. f(3) = 12 olduğuna göre, a kaçtır?",Fonksiyonlar,Salt İşlem
ALES2_sorular-2,page_6.png,13,"A ve B kümelerinin eleman sayılarıyla ilgili s(A) = 3∙s(B \ A) ve s(A ∪ B) = 2∙s(B \ A) + 8 eşitlikleri verilmiştir. Buna göre, s(A ∪ B) kaçtır?",Kümeler,Salt İşlem
ALES2_sorular-2,page_6.png,14,Hem 4 hem de 6 ile tam bölünebilen iki basamaklı doğal sayılardan kaç tanesi 24 ile tam bölünmez?,Sayılar Teorisi,Salt İşlem
ALES2_sorular-2,page_6.png,15,"Bir ofiste 48 kişi çalışmaktadır. Çayını şekersiz içenlerin sayısı, çayında 1 küp şeker kullananların sayısından 4 fazladır. Tüm çalışanlar birer bardak çay içmiş ve toplam 46 küp şeker kullanılmıştır. Çayında 2 küp şeker kullanan çalışan sayısı kaçtır?",Denklem Kurma Problemleri,Problemler
ALES2_sorular-2,page_6.png,16,"Ayşe 3 kg armut ve 2 kg elma için 7 TL ödemiştir. Burak 4 kg elma ve 2 kg üzüm için 13 TL ödemiştir. Can 2 kg armut ve 2 kg üzüm için 11 TL ödemiştir. Buna göre, manavda 1 kg elmanın fiyatı kaç TL'dir?",Denklem Kurma Problemleri,Problemler
ALES2_sorular-2,page_7.png,17,"Ahmet uses 20 ıslak mendil, 1/5'i kuruyor, 4 daha kullanıyor. Son durumda 40 ıslak mendil kaldığına göre, başlangıçta pakette kaç mendil vardı?",Kesir Problemleri,Problemler
ALES2_sorular-2,page_7.png,18,"Zeynep, 2 ürünü %25 indirimle toplam 165 TL'ye alıyor. Etiket fiyatları 40, 60, 120, 200 TL olan 4 üründen seçiyor. Zeynep'in seçmediği iki ürünün etiket fiyatları toplamı kaç TL'dir?",Yüzde Problemleri,Problemler
ALES2_sorular-2,page_7.png,19,"A, B, C, D, E farklı rakamlar. 5 A, 4 B, 3 C, 2 D ve 1 E ile yazılabilecek en büyük sayının onlar basamağındaki rakam hangisi olamaz?",Sayı Basamakları,Yeni Nesil Mantık
ALES2_sorular-2,page_7.png,20,"6 çalışan 6 gün boyunca her gün farklı bir kişinin fazla mesai yapacağı bir liste veriliyor. Verilen listeye göre, salı günü fazla mesai yapacak olan kişi kimdir?",Sözel Mantık,Yeni Nesil Mantık
ALES2_sorular-2,page_8.png,21,"Aynı yol üzerindeki beş akaryakıt istasyonu arasındaki uzaklıklar tablosu verilmiştir. D istasyonunun 4. istasyon olduğu bilindiğine göre, istasyonların yol üzerindeki doğru sıralaması nedir?",Sayısal Mantık,Yeni Nesil Mantık
ALES2_sorular-2,page_8.png,22,"Semih'in dosyasındaki 4'ü çizgili, 6'sı çizgisiz toplam 10 kağıttan rastgele seçtiği 3 kağıdın da çizgisiz olma olasılığı kaçtır?",Olasılık,Problemler
ALES2_sorular-2,page_8.png,23,"Verilen tabloya göre, A ülkesinin sporcularından kaçı yüzme branşında yarışmıştır?",Tablo Okuma,Tablo/Grafik Okuma
ALES2_sorular-2,page_8.png,24,"A ülkesinin atletizm sporcu sayısı ile B ülkesinin güreş sporcu sayısı eşitse, bu iki ülkeden olimpiyata katılan toplam sporcu sayısı kaçtır?",Tablo Okuma,Tablo/Grafik Okuma
ALES2_sorular-2,page_9.png,25,Oyun kurallarına uymayan bağlantı tespiti.,Sayısal Mantık,Yeni Nesil Mantık
ALES2_sorular-2,page_9.png,26,Verilen kurallara göre oyunun sonucunda alt sıraya ulaşılan rakamı bulma.,Sayısal Mantık,Yeni Nesil Mantık
ALES2_sorular-2,page_10.png,27,"Mutfaktaki kaşık, bıçak ve çatalların toplam sayısı 220 olduğuna göre, bıçak sayısı kaçtır? (Kaşık = 2*Bıçak + 4, Bıçak = Çatal + 4)",Sayı Problemleri,Problemler
ALES2_sorular-2,page_10.png,28,"Çatalların sayısı Ç ise kaşıkların sayısı Ç cinsinden aşağıdakilerden hangisidir? (Kaşık = 2*Bıçak + 4, Bıçak = Çatal + 4)",Cebirsel İfadeler / Denklem Kurma,Problemler
ALES2_sorular-2,page_11.png,29,15 kilim yapımı için kullanılan pamukla kaç tane halı yapılır?,Oran Orantı Problemleri,Problemler
ALES2_sorular-2,page_11.png,30,900 kg pamukla 12 halı ve kalanla kilim yapılıyor. Kilim satışından kaç TL gelir elde edilir?,Oran Orantı Problemleri,Problemler
ALES2_sorular-2,page_11.png,31,800 kg pamukla halı ve kilim yapılıp toplam 19500 TL gelir elde edildi. Kaç tane kilim yapılmıştır?,Denklem Kurma Problemleri,Problemler
ALES2_sorular-2,page_12.png,32,Alarm 06:00'da 5 dakikalık erteleme süresiyle kurulmuş ve durdurulmamış. 10. çalmaya başlama zamanı nedir?,Zaman Problemleri,Problemler
ALES2_sorular-2,page_12.png,33,"Alarm 07:00'de kurulmuş, durdurulmamış. Birkaç ertelemeden sonra 08:00'de tekrar çalmaya başlamış. Erteleme süresi aşağıdakilerden hangisi olamaz?",Zaman Problemleri,Problemler
ALES2_sorular-2,page_12.png,34,"Erteleme süreleri 6 ve 8 dakika olan iki alarmın bulunduğu telefonda, ilk alarm çalmaya başladıktan sonra alarmlar hiç durdurulmamıştır. Hangi saatler arasında telefon ilk kez iki dakika boyunca çalmıştır?",Zaman Problemleri,Yeni Nesil Mantık
ALES2_sorular-2,page_13.png,35,"8 saatten az uyuyanların sayısı, ankete katılan kişi sayısının % 60'ı ise, 8 saat ve daha fazla uyuyan erkek sayısı kaçtır?",Yüzde Problemleri,Problemler
ALES2_sorular-2,page_13.png,36,"Kadınların dörtte biri (1/4) 6 ile 8 saat arasında uyuyorsa, toplam erkek sayısı kaçtır?",Kesir Problemleri,Problemler
ALES2_sorular-2,page_13.png,37,"Kadın ve erkek sayıları eşitse, 6-8 saat arası uyuyan kadınlar, toplam kadınların yüzde kaçıdır?",Yüzde Problemleri,Problemler
ALES2_sorular-2,page_14.png,38,"İlk sayı 76 ise, kurala göre beşinci sayı kaçtır?",Sayısal Mantık,Yeni Nesil Mantık
ALES2_sorular-2,page_14.png,39,"Altıncı sayı 26 ise, kurala göre birinci sayının rakamları çarpımı kaçtır?",Sayısal Mantık,Yeni Nesil Mantık
ALES2_sorular-2,page_14.png,40,"İkinci sayı üçüncü sayıdan 63 fazlaysa, kurala göre ilk sayının rakamları çarpımı kaçtır?",Sayısal Mantık,Yeni Nesil Mantık
ALES2_sorular-2,page_15.png,41,"26, 54, 71 sayıları için tanımlanan (x+) işleminin sonucu kaçtır?",Yeni Nesil İşlem Tanımı,Salt İşlem
ALES2_sorular-2,page_15.png,42,"AB, 48, 37 sayıları için (x+) işlemi 390 olduğuna göre A•B çarpımı kaçtır?",Yeni Nesil İşlem Tanımı,Problemler
ALES2_sorular-2,page_15.png,43,"A4, 3B sayıları için (x+) işlemi 1C3 olduğuna göre A+C toplamı kaçtır?",Yeni Nesil İşlem Tanımı,Problemler
ALES2_sorular-2,page_16.png,44,"ABC üçgeninde m(CAB)=100°, m(BCA)=32°, BD ve DE açıortay olduğuna göre m(DEC)=x kaç derecedir?",Üçgenlerde Açılar,Salt İşlem
ALES2_sorular-2,page_16.png,45,"ABC üçgeninde D, E, F noktaları kenarlar üzerindedir. |AD|=|DE|=|EB| ve |BF|=2|FC|'dir. DEF üçgeninin alanı 14 birimkare olduğuna göre, ABC üçgeninin alanı kaç birimkaredir?",Üçgenlerde Alan,Problemler
ALES2_sorular-2,page_16.png,46,"ABCD dikdörtgen, AKLM kare, NBCO kare. |AK|=4 birim, |CB|=9 birim, |AB|=17 birim olduğuna göre |OL|=x kaç birimdir?",Geometrik Şekiller,Problemler
ALES2_sorular-2,page_16.png,47,"ABCDE beşgeninde m(EAF)=m(FAB), m(FBA)=m(FBC), m(DEA)=80°, m(EDC)=120°, m(DCB)=124° olduğuna göre m(AFB)=x kaç derecedir?",Çokgenlerde Açılar,Salt İşlem
ALES2_sorular-2,page_17.png,48,"Çemberde açılar sorusu: çap [AB], CE doğru parçası [AB] ile D noktasında kesişiyor, |CB|=|BD|, m(BCE)=56° ise m(CEB)=x kaç derecedir?",Geometri (Çemberde Açılar),Salt İşlem
ALES2_sorular-2,page_17.png,49,Beşer tane birim küpten oluşmuş cisimlerden hangisinin yüzey alanı diğer dördünden farklıdır?,"Geometri (Katı Cisimler, Yüzey Alanı)",Yeni Nesil Mantık
ALES2_sorular-2,page_17.png,50,"Turistik bir bölgede selfie çeken Berna'nın telefon ile özçekim yaptığı anın görünümü verilmiş, özçekim fotoğrafı hangisi olabilir?","Görsel Akıl Yürütme (Perspektif, Ayna Görüntüsü)",Yeni Nesil Mantık
ALES2_sorular-2,page_18.png,1,Sosyolojik edebiyat eleştirisiyle ilgili metinde boşlukları anlam bütünlüğüne uygun şekilde tamamlama.,Cümle Tamamlama,Paragraf
ALES2_sorular-2,page_18.png,2,İnsan dilinin derinlikleri ve işlevleriyle ilgili metinde boşlukları anlam bütünlüğüne uygun şekilde tamamlama.,Cümle Tamamlama,Paragraf
ALES2_sorular-2,page_18.png,3,Cooley'nin ayna-benlik kuramıyla ilgili metinde boşluğu anlam bütünlüğüne uygun şekilde tamamlama.,Cümle Tamamlama,Paragraf
ALES2_sorular-2,page_19.png,4,"Yalnız seyahat etmenin faydaları, başkalarının beklentileri doğrultusunda şekillenme ve kendi benliğine odaklanma üzerine bir paragraf verilmiş ve paragraftan çıkarılamayacak yargı soruluyor.",Paragrafta Anlam,Paragraf
ALES2_sorular-2,page_19.png,5,"Günümüzde nesnelerin bağlamının değişmesi, tüketicinin nesneyle ilişkisi ve markaların bu durumu nasıl yönettiği üzerine bir paragraf verilmiş ve paragraftan çıkarılamayacak yargı soruluyor.",Paragrafta Anlam,Paragraf
ALES2_sorular-2,page_20.png,6,Vecihi Bey'in Milli Mücadele sırasında savaş uçağı enkazlarından topladığı parçalarla uçak üretip sertifika alamadığı ve izinsiz uçuş yaptığı bilgisine dayanarak kesin yargı çıkarımı.,Paragrafta Anlam,Paragraf
ALES2_sorular-2,page_20.png,7,UNESCO tarafından edebiyat kenti seçilen Melbourne'da düzenlenecek edebiyat festivali hakkında verilen metinden kesin yargı çıkarımı.,Paragrafta Anlam,Paragraf
ALES2_sorular-2,page_20.png,8,Konya Ovası'nda toprak ve suyun kontrolsüz kullanımı nedeniyle tarımın geleceğinin tehlikeye girmesi hakkındaki metinden kesin yargı çıkarımı.,Paragrafta Anlam,Paragraf
ALES2_sorular-2,page_20.png,9,Verilen numaralı sözleri anlamlı ve kurallı bir cümle oluşturacak biçimde sıralayarak baştan üçüncü olan sözü bulma.,Sözel Mantık,Yeni Nesil Mantık
ALES2_sorular-2,page_21.png,10,Numaralanmış sözler anlamlı ve kurallı bir cümle oluşturacak biçimde sıralandığında baştan dördüncü olacak sözü bulunuz.,Sözel Mantık,Paragraf
ALES2_sorular-2,page_21.png,11,Numaralanmış cümleler anlamlı bir bütün oluşturacak biçimde sıralandığında baştan üçüncü olacak cümleyi bulunuz.,Sözel Mantık,Paragraf
ALES2_sorular-2,page_21.png,12,Numaralanmış cümleler anlamlı bir bütün oluşturacak biçimde sıralandığında baştan dördüncü olacak cümleyi bulunuz.,Sözel Mantık,Paragraf
ALES2_sorular-2,page_21.png,13,Numaralanmış cümlelerin anlamlı bir bütün oluşturması için hangilerinin birbiriyle yer değiştirmesi gerektiğini bulunuz.,Sözel Mantık,Paragraf
ALES2_sorular-2,page_22.png,14,Don Kişot'u Kim Öldürdü? filmi ve yönetmen Toby hakkında verilen yargılardan hangilerinin doğru olduğunu bulunuz.,Paragrafta Anlam,Paragraf
ALES2_sorular-2,page_22.png,15,Tohum ekme zamanı ve bitki gelişimi hakkında verilen yargılardan hangilerinin doğru olduğunu bulunuz.,Paragrafta Anlam,Paragraf
ALES2_sorular-2,page_22.png,16,Kübizm ve modern sanat hakkındaki paragrafta anlam bütünlüğünü bozan cümleyi bulunuz.,Paragrafta Anlam,Paragraf
ALES2_sorular-2,page_22.png,17,Osmanlı Devleti'nin kültür politikaları ve aristokrasi hakkındaki paragrafta anlam bütünlüğünü bozan cümleyi bulunuz.,Paragrafta Anlam,Paragraf
ALES2_sorular-2,page_23.png,18,"Bir yazarın, okurun sınırlı bir kitaplığı olmasına rağmen her yıl aynı kitapları okumasını öğütlemesi ve bu önerinin alt metnindeki düşünceler hakkında bir paragraf.",Paragrafta Anlam,Paragraf
ALES2_sorular-2,page_23.png,19,"Antropolog Gordillo'nun, modern toplumlarda geçmişin 'yabancı bir ülke' gibi ele alınmasını ve bunun nedenlerini anlatan bir paragraf.",Paragrafta Anlam,Paragraf
ALES2_sorular-2,page_23.png,20,"Eserlerdeki kötülük teması ve yazarların bu kötülüğü nasıl ele aldığı, gerçek yaşamda kötünün adının olmaması üzerine bir paragraf.",Paragrafta Anlam,Paragraf
ALES2_sorular-2,page_23.png,21,"Düyazayazıcı'nın anlatım teknikleri, okuyucu üzerindeki etkisi, Türk öykücülüğündeki yeri ve özgün üslubu hakkında bir paragraf.",Paragrafta Anlam,Paragraf
ALES2_sorular-2,page_24.png,22,Kentle ilgili verilen parçadan hareketle hangisinin söylenemeyeceği sorulmaktadır.,Paragrafta Anlam,Paragraf
ALES2_sorular-2,page_24.png,23,Makoto Shinkai'nin 'Senin Adın' filmiyle ilgili verilen parçadan hareketle hangisinin söylenebileceği sorulmaktadır.,Paragrafta Anlam,Paragraf
ALES2_sorular-2,page_25.png,24,"Pietro Mascagni'nin hayatı ve kariyeri ile ilgili paragraf verilmiştir, paragraftan hangisinin *çıkarılamayacağı* sorulmaktadır.",Paragrafta Anlam,Paragraf
ALES2_sorular-2,page_25.png,25,"Uydular ve yapay zeka kullanarak yoksulluk içindeki bölgeleri tespit etmeyi amaçlayan bir sistemin anlatıldığı paragraf verilmiştir, bu sistemle ilgili hangisinin *söylenebileceği* sorulmaktadır.",Paragrafta Anlam,Paragraf
ALES2_sorular-2,page_26.png,26,"19. yüzyılda İngiltere'de bilim eğitimi ile klasik eğitim arasındaki tartışmayı konu alan bir parçaya göre, aşağıdakilerden hangisinin söylenemeyeceği sorulmaktadır.",Paragrafta Anlam,Paragraf
ALES2_sorular-2,page_26.png,27,"Deneme yazarının çalışma biçimini ve özelliklerini anlatan bir parçaya göre, aşağıdakilerden hangisinin deneme yazarının özelliklerinden biri olmadığı sorulmaktadır.",Paragrafta Anlam,Paragraf
ALES2_sorular-2,page_27.png,28,Bu parçaya göre aşağıdakilerden hangisi Dublin'in James Joyce üzerindeki etkilerinden biri değildir?,Paragrafta Anlam,Paragraf
ALES2_sorular-2,page_28.png,29,Bu parçadan hareketle aşağıdakilerin hangisine ulaşılabilir?,Paragrafta Anlam,Paragraf
ALES2_sorular-2,page_28.png,30,Bu parçadaki altı çizili ifadenin anlamca karşılığı aşağıdakilerden hangisidir?,Paragrafta Anlam,Paragraf
ALES2_sorular-2,page_29.png,31,Bu parçaya göre aşağıdakilerden hangisi söylenebilir?,Paragrafta Anlam,Paragraf
ALES2_sorular-2,page_29.png,32,Bu parçada altı çizili sözle Avrupa dışı kültürel etkilerle ilgili anlatılmak istenen aşağıdakilerden hangisidir?,Paragrafta Anlam,Paragraf
ALES2_sorular-2,page_30.png,33,Aşağıdakilerden hangisi Gerçek adlı parçada açıklanan yöntemlerden birini ifade etmek için kullanılamaz?,Paragrafta Anlam,Paragraf
ALES2_sorular-2,page_30.png,34,"Hikâye adlı parçada söz edilen kötülüğün gerçekleşmesi, Gerçek adlı parçada açıklanan yollardan hangisiyle örtüşmektedir?",Paragrafta Anlam,Paragraf
ALES2_sorular-2,page_30.png,35,Hikâye adlı parçada geçen altı çizili sözle anlatılmak istenen aşağıdakilerden hangisidir?,Paragrafta Anlam,Paragraf
ALES2_sorular-2,page_31.png,36,Bu parçadan ulaşılabilecek en kapsamlı yargı aşağıdakilerden hangisidir?,Paragrafta Anlam,Paragraf
ALES2_sorular-2,page_31.png,37,Bu parçadan hareketle imgeyle ilgili aşağıdakilerin hangisine ulaşılamaz?,Paragrafta Anlam,Paragraf
ALES2_sorular-2,page_31.png,38,Yukarıda numaralanmış sorulardan hangilerinin cevabı bu parçada yoktur?,Paragrafta Anlam,Paragraf
ALES2_sorular-2,page_32.png,39,Bu parçadan hareketle aşağıdakilerin hangisine ulaşılabilir?,Paragrafta Anlam,Paragraf
ALES2_sorular-2,page_32.png,40,Aşağıdakilerden hangisi bu parçada söz edilen yaşam standardı göstergelerinden biri değildir?,Paragrafta Anlam,Paragraf
ALES2_sorular-2,page_32.png,41,Bu parçadaki altı çizili sözle anlatılmak istenen aşağıdakilerden hangisidir?,Paragrafta Anlam,Paragraf
ALES2_sorular-2,page_33.png,42,Verilen seçeneklerdeki sorulardan hangisinin cevabı parçada bulunmaktadır?,Paragrafta Anlam,Paragraf
ALES2_sorular-2,page_34.png,43,"Murat, Orçun, Seher adlı kişilerden hangileri kimya dersinde başarılı olmuştur?",Sözel Mantık,Yeni Nesil Mantık
ALES2_sorular-2,page_34.png,44,Aşağıdakilerden hangisi kesin olarak yanlıştır?,Sözel Mantık,Yeni Nesil Mantık
ALES2_sorular-2,page_34.png,45,"En az üç derste başarılı olan öğrencilere belge verilmiştir. Murat, Neslihan, Seher adlı kişilerden hangilerine belge verilmiştir?",Sözel Mantık,Yeni Nesil Mantık
ALES2_sorular-2,page_34.png,46,Peri’nin toplam üç derste başarılı olduğu biliniyorsa aşağıdakilerden hangisi doğrudur?,Sözel Mantık,Yeni Nesil Mantık
ALES2_sorular-2,page_35.png,47,"Bozcaada, Eğriboz ve Rodos gemilerinden hangileri limana ikinci sırada yanaşmış olabilir?",Sözel Mantık,Yeni Nesil Mantık
ALES2_sorular-2,page_35.png,48,Aşağıdakilerden hangisi kesin olarak doğrudur?,Sözel Mantık,Yeni Nesil Mantık
ALES2_sorular-2,page_35.png,49,Aşağıdaki gemi çiftlerinden hangisi limana art arda yanaşmış olamaz?,Sözel Mantık,Yeni Nesil Mantık
ALES2_sorular-2,page_35.png,50,"Aşağıdakilerden hangisinin bilinmesi, tüm gemilerin yanaşma sıralarının tam olarak belirlenebilmesi için yeterlidir?",Sözel Mantık,Yeni Nesil Mantık
ALES2_sorular-3,page_3.png,1,(1/2 + 3/4) / (7/8 - 5/6),Rasyonel Sayılar,Salt İşlem
ALES2_sorular-3,page_3.png,2,(5^5 + 10^5) / (9*5^4 + 10*5^3),Üslü Sayılar,Salt İşlem
ALES2_sorular-3,page_3.png,3,√45 / (√20 - 1/√5),Köklü Sayılar,Salt İşlem
ALES2_sorular-3,page_3.png,4,((10! / 8!) - 15) / (10 - 3),Faktöriyel,Salt İşlem
ALES2_sorular-3,page_4.png,5,"İki basamaklı AB, CB ve BA doğal sayıları için AB + CB = BA olduğuna göre, C rakamının alabileceği en büyük değer kaçtır?",Sayı Basamakları,Problemler
ALES2_sorular-3,page_4.png,6,"x, y ve z gerçel sayıları için 2x + 5y = 1, x + 3z = 6, z - y = 2 olduğuna göre, x + y + z toplamı kaçtır?",Denklem Çözme,Salt İşlem
ALES2_sorular-3,page_4.png,7,"x ∈ {1,2}, y ∈ {3,6} ve z ∈ {4,9} olmak üzere, (x + y) * (y + 2z) * (z - 3x) çarpımı bir tek sayıdır. Buna göre, x + y + z toplamı kaçtır?",Sayılar Teorisi,Problemler
ALES2_sorular-3,page_4.png,8,"x gerçel sayısı için 4^(x-1) + 4^x + 4^(x+1) = 84 olduğuna göre, 4^x ifadesinin değeri kaçtır?",Üslü Sayılar,Salt İşlem
ALES2_sorular-3,page_5.png,9,"|x| = y + 1, |x - y| = y + 5. x.y çarpımı kaçtır?",Mutlak Değer,Salt İşlem
ALES2_sorular-3,page_5.png,10,(x+1)/2 - (x-3)/3 >= (x+5)/4 eşitsizliğini sağlayan x pozitif tam sayılarının toplamı kaçtır?,Eşitsizlikler,Salt İşlem
ALES2_sorular-3,page_5.png,11,"A, B ve C kümeleri için X = (A ∩ B) ∪ (A ∩ C) eşitliği veriliyor. B ⊆ C olduğuna göre, I. X ⊆ A II. X ⊆ B III. X ⊆ (A ∩ B) ∩ C ifadelerinden hangileri her zaman doğrudur?",Kümeler,Salt İşlem
ALES2_sorular-3,page_5.png,12,"Gerçek sayılar kümesi üzerinde Δ işlemi x Δ y = x³⋅y + x⋅y³ biçiminde tanımlanıyor. Bir a gerçek sayısı için a Δ 2a = 40 olduğuna göre, a Δ a işleminin sonucu kaçtır?",İşlem Tanımlama,Salt İşlem
ALES2_sorular-3,page_6.png,13,"İki basamaklı bir AB asal sayısı için BA da bir asal sayı ise AB'ye simasal sayı denir. Buna göre, kaç tane simasal sayı vardır?",Asal Sayılar,Problemler
ALES2_sorular-3,page_6.png,14,"İki basamaklı AA, AB, BA ve BB doğal sayılarından; ikisinin 2'ye bölündüğü, ikisinin 2'ye bölünmediği, ikisinin 3'e bölündüğü, ikisinin 3'e bölünmediği, hiçbirinin 5'e bölünmediği, hiçbirinin 7'ye bölünmediği biliniyor. Buna göre, A•B çarpımı kaçtır?",Bölünebilme Kuralları,Problemler
ALES2_sorular-3,page_6.png,15,"Üç basamaklı ABC doğal sayısı, birler basamağındaki rakamın 41 katına eşittir. Buna göre, B'nin alabileceği farklı değerlerin toplamı kaçtır?",Basamak Kavramı,Salt İşlem
ALES2_sorular-3,page_6.png,16,"Ali, Berk, Cem, Doruk, Efe ve Fatih kendi aralarında bir tenis turnuvası düzenlemiştir. Turnuva boyunca herhangi iki kişi arasında en fazla bir maç yapılmıştır. Bu turnuvada Ali, Berk, Cem, Doruk ve Efe sırasıyla 5, 4, 2, 5 ve 3 maç yapmıştır. Buna göre, Fatih bu turnuvada toplam kaç maç yapmıştır?",Sözel Mantık,Problemler
ALES2_sorular-3,page_7.png,17,"Arif ve Elif'in hafta içi ve hafta sonu okudukları sayfa sayıları verilmiştir. Aynı gün kitap okumaya başlayan Arif ve Elif'in 9 gün sonunda okudukları sayfa sayıları eşit olduğuna göre, kitap okumaya başladıkları gün aşağıdakilerden hangisidir?",Sayı Problemleri,Problemler
ALES2_sorular-3,page_7.png,18,"Kenan'ın Melih'e, Cenk'in ise Kenan ve Melih'e borcu bulunmaktadır. Kenan Cenk'ten alacağının tamamını alıp Melih'e verdiğinde, Cenk'in toplam borcu %60, Melih'in toplam alacağı ise %25 azalıyor. Buna göre, Kenan Melih'e olan borcunun yüzde kaçını ödemiştir?",Yüzde Problemleri,Problemler
ALES2_sorular-3,page_7.png,19,"Üç çocuğu olan bir anne; ilk çocuğu doğduğunda 24, ikinci çocuğu doğduğunda 28 ve üçüncü çocuğu doğduğunda 30 yaşındadır. Çocukların yaşları toplamı annenin yaşına eşit olduğunda en küçük çocuğun yaşı kaç olur?",Yaş Problemleri,Problemler
ALES2_sorular-3,page_7.png,20,"Veli, giriş ve çıkışı oklarla gösterilen şekildeki labirenti tasarlamıştır. A, B, C, D ve E ile belirtilen kırmızı renkli duvarlardan sadece ikisini yıkarak labirentin girişinden çıkışına ulaşıyor. Buna göre, aşağıdakilerden hangisi Veli'nin yıktığı duvarlardan biri olamaz?",Sözel Mantık,Yeni Nesil Mantık
ALES2_sorular-3,page_8.png,21,"Kemal ve Lale dairesel bir parkurda koşuyor. Kemal'in hızı Lale'nin hızının 3/4'ü. Kemal B noktasına ilk kez geldiğinde Lale C noktasında, Kemal bir tur tamamladığında Lale B noktasında oluyor. Kemal B noktasına 4. kez geldiğinde Lale B noktasından kaç kez geçmiştir?",Hareket Problemleri,Problemler
ALES2_sorular-3,page_8.png,22,"Bir kutuda pembe, mavi, yeşil kalemler var. Yeşil kalemlerin yarısı alınıp yerine aynı sayıda mavi kalem konuluyor. Son durumda pembe kalem sayısı yeşil kalem sayısına eşit, mavi kalem sayısı toplam kalem sayısının 2/3'ü oluyor. Başlangıçta kutuda bulunan mavi kalem sayısının toplam kalem sayısına oranı kaçtır?",Oran Orantı Problemleri,Problemler
ALES2_sorular-3,page_8.png,23,"Yukarıdaki 7 hücreden oluşan tablo 1'den 7'ye kadar rakamlar birer kez kullanılarak doldurulacak. Her satırdaki rakamlar soldan sağa, her sütundaki rakamlar yukarıdan aşağıya artan sırada olacak. Bu tablo kaç farklı şekilde doldurulabilir?",Kombinatorik / Mantık,Yeni Nesil Mantık
ALES2_sorular-3,page_8.png,24,"Gülşah hedefte atış yapıyor ve 0, 6, 8, 10 puan alıyor. 3 ve 4 metreden yapılan atışlarda 6, 8, 10 puan alma olasılıkları tabloda verilmiştir. İlk atışını 3 metreden, ikinci atışını 4 metreden yapan Gülşah'ın bu iki atıştan toplam 16 puan alma olasılığı kaçtır?",Olasılık,Tablo/Grafik Okuma
ALES2_sorular-3,page_9.png,25,"Bir düzenekte, her başlangıç noktasından birer mavi top bırakıldığında, hangi bitiş noktasından top çıkmaz? (Mavi toplar yol ayrımında yön değiştirir)",Sözel Mantık,Yeni Nesil Mantık
ALES2_sorular-3,page_9.png,26,"Bir sarı ve bir mavi top farklı başlangıç noktalarından bırakılarak aynı bitiş noktasından çıkıyorsa, bu topların bırakıldığı başlangıç noktalarından biri hangisidir?",Sözel Mantık,Yeni Nesil Mantık
ALES2_sorular-3,page_9.png,27,"Dört farklı yükseklikte ve ikişer palto kapasiteli askılıklara, belirli uzunluktaki 8 paltonun en fazla kaçı asılabilir? (Palto boyu askılık yüksekliğinden kısa olmalı)",Problemler,Problemler
ALES2_sorular-3,page_9.png,28,"Askılıklarda asılı olan palto durumuna ve yeni iki paltoya göre, tüm paltoları asabilmek için asılı olan paltolardan en az kaçının yerini değiştirmek gerekir?",Problemler,Problemler
ALES2_sorular-3,page_10.png,29,Başlangıç piyon sayıları verilen bölgelerdeki piyonların tur sonundaki büyükten küçüğe sıralanışı.,Mantık Problemleri,Yeni Nesil Mantık
ALES2_sorular-3,page_10.png,30,Başlangıç ve bitiş piyon sayıları verilen bölgelerdeki A ve B değerlerinin toplamı.,Mantık Problemleri,Yeni Nesil Mantık
ALES2_sorular-3,page_11.png,31,"Yukarıdaki tabloya göre, a + b + c toplamı kaçtır?",Sayısal Mantık,Yeni Nesil Mantık
ALES2_sorular-3,page_11.png,32,"Buna göre, a*b çarpımı kaçtır?",Sayısal Mantık,Yeni Nesil Mantık
ALES2_sorular-3,page_11.png,33,"Buna göre, işaretli birim karenin yerine aşağıdakilerden hangisi gelmelidir?",Sayısal Mantık,Yeni Nesil Mantık
ALES2_sorular-3,page_12.png,34,Bir proje ekibi (Ali ve Betül hariç) Ali ve Betül'ün kullanabildiği tüm programları kullanabilen 2 kişiden oluşuyor. Ekipte kimler var?,Sayısal Mantık,Yeni Nesil Mantık
ALES2_sorular-3,page_12.png,35,"A, C ve E programları için 2 kişilik proje ekibi kurulacak. Hangi çalışan kesinlikle ekipte yer alamaz?",Sayısal Mantık,Yeni Nesil Mantık
ALES2_sorular-3,page_12.png,36,"B, D ve F programları için 3 kişilik proje ekibi kaç farklı şekilde kurulabilir?",Sayısal Mantık,Yeni Nesil Mantık
ALES2_sorular-3,page_13.png,37,f(AB) = AB eşitliğini sağlayan iki basamaklı kaç tane doğal sayı vardır?,Basamak Kavramı,Problemler
ALES2_sorular-3,page_13.png,38,f fonksiyonu aşağıdaki değerlerden hangisini alamaz?,Fonksiyonlar,Problemler
ALES2_sorular-3,page_13.png,39,"f(f(AB)) = 35 olduğuna göre, A + B toplamı kaçtır?",Fonksiyonlar,Problemler
ALES2_sorular-3,page_14.png,40,Ahmet Öğretmen'in iki sınıfa eşit sayıda kalem verdiği ve hiç kalem geri almadığı durumda A ve B sınıflarındaki öğrenci sayıları arasındaki fark.,Sayı Problemleri,Problemler
ALES2_sorular-3,page_14.png,41,A ve B sınıflarında eşit sayıda öğrenci varken Ahmet Öğretmen A sınıfından 13 kalem geri almış. A sınıfındaki bir öğrencinin aldığı kalem sayısı ile B sınıfındaki bir öğrencinin aldığı kalem sayısının toplamı.,Sayı Problemleri,Problemler
ALES2_sorular-3,page_14.png,42,Ahmet Öğretmen A sınıfına 14 kalem vermiş ve bu sınıftan 5 kalem geri almış. Ahmet Öğretmen'in B sınıfından geri aldığı kalem sayısı.,Sayı Problemleri,Problemler
ALES2_sorular-3,page_15.png,43,"ABC ikizkenar üçgeninde AC=BC, m(ADB)=100°, m(ACB)=x ve m(ABE)=m(EBD)=m(DBC) olduğuna göre x kaç derecedir?",Geometri (Üçgenler),Problemler
ALES2_sorular-3,page_15.png,44,"ABC dik üçgen, AC dik BC, DEC eşkenar üçgen, |DE|=8 birim, |BE|=4 birim olduğuna göre |AD|=x kaç birimdir?",Geometri (Dik Üçgenler ve Eşkenar Üçgenler),Problemler
ALES2_sorular-3,page_15.png,45,"ABCD dikdörtgen, AB dik NL, 2|MA|=3|MD|, |DC|=20 birim, |NL|=10 birim olduğuna göre ABCD dikdörtgeninin alanı kaç birimkaredir?",Geometri (Dikdörtgenler),Problemler
ALES2_sorular-3,page_15.png,46,"ABCDE düzgün beşgen, AKD eşkenar üçgen, L ∈ [DC], |CL|=|DL| olduğuna göre m(KAL)=x kaç derecedir?",Geometri (Düzgün Çokgenler ve Eşkenar Üçgenler),Problemler
ALES2_sorular-3,page_16.png,47,"Çemberde teğet, kiriş ve merkez açı ilişkisiyle 'x' açısının bulunması.",Geometri (Çember),Salt İşlem
ALES2_sorular-3,page_16.png,48,Dik dairesel silindir biçimindeki kap ve bardak arasındaki hacim ilişkisi üzerinden kabın taban alanının bulunması.,Geometri (Katı Cisimler - Silindir Hacmi),Problemler
ALES2_sorular-3,page_16.png,49,Dikdörtgen şeklindeki kağıdın katlanıp kesilmesi sonucunda oluşan şeklin tahmin edilmesi.,Şekil Yeteneği (Katlama-Kesme),Yeni Nesil Mantık
ALES2_sorular-3,page_17.png,50,"Birim küplerden oluşan dört cisim (1 adet gri, 2 adet mavi bar, 2 adet sarı bar, 3 adet kırmızı L-şekilli) birleştirilerek 2x2x2 bir küp elde ediliyor. Bu küpün iki farklı yüzünün görünümü (gri-kırmızı/sarı-mavi ve gri-kırmızı/mavi-sarı) örnek olarak verilmiştir. Aşağıdakilerden hangisi bu küpün yüzey görünümlerinden biri olamaz?",Uzamsal Yetenek,Yeni Nesil Mantık
ALES2_sorular-3,page_18.png,1,"Doğa fotoğrafçısının insana ---- şey, bizi yalnızca doğanın somut görüntüleriyle buluşturmak değil, aynı zamanda günlük hayatın koşturmacası içinde ---- ayrıntıları sanatın kurallarıyla görünür kılmaktır.",Paragrafta Anlam,Paragraf
ALES2_sorular-3,page_18.png,2,"Hayatın akışı içinde seçimler yapıp yeni kararlar alsak da çoğumuz, yaptığımız şeylerin nedenlerini ---- hayatlarımızı sürdürürüz çünkü farkında olmadan alışkanlıklara ya da toplumda benimsenen ---- o kadar aşinayızdır ki tersi bir durum olabileceğini düşünemeyiz.",Paragrafta Anlam,Paragraf
ALES2_sorular-3,page_18.png,3,"Hatipler, hem eğitici hem eğlendirici olan efsaneleri bugünkü okuma eyleminin ötesinde bir performansla ---- anlatırken kâtipler de aynı konuları, sistematik bir şekilde ----. Böylece hatiplerin her seferinde değişen performansı içinde uçup giden sözü kalıcılaştırır ve tarihselleştirirler.",Paragrafta Anlam,Paragraf
ALES2_sorular-3,page_18.png,4,"XVII. yüzyıldan itibaren bilimlerinin gösterdiği büyük ilerlemeye bağlı olarak “bilimsel bilgi”nin, ilham ve sezgi gibi diğer bilgi yöntemleri karşısındaki üstünlüğü sistemleşmiştir. Descartes’ın, “Düşünüyorum, o halde varım.” tümlesiyle ifade ettiği gibi rasyonalizm, insanın kendi ve içinde yaşadığı dünyayla ilgili bilgisinin kaynağını doğrudan doğruya insanın aklında, mantık yürütme niteliğinde arıyor. Aklı, insan bilgisinin tek dayanağı hâline getiriyor. ----.",Paragrafta Anlam,Paragraf
ALES2_sorular-3,page_19.png,5,"Patetik yanılgı kavramını açıklayan bir metinde, doğanın insan üzerindeki etkisinden çok neyin ifade edildiğini bulma.",Paragrafta Anlam,Paragraf
ALES2_sorular-3,page_19.png,6,Elektronik hesap makineleri öncesinde çarpma ve bölme işlemlerinin logaritma tabloları ve sürgülü cetvellerle yapıldığı bilgisinden kesin yargı çıkarma.,Paragrafta Anlam,Paragraf
ALES2_sorular-3,page_19.png,7,"Yirmi yıldır su altında fotoğraf çeken, birçok ödül kazanan ve son kitabı 500 fotoğraf içeren bir sanatçı hakkında verilen bilgilerden kesin yargı çıkarma.",Paragrafta Anlam,Paragraf
ALES2_sorular-3,page_20.png,8,"Milyonlarca insanın yılda bir gün, bir saatliğine ışıkları söndürerek katıldığı, küresel iklim değişikliğine dikkat çekmeyi hedefleyen Dünya Saati Etkinliği, 2016 yılında 19 Mart günü gerçekleştirildi. A) Etkinlik 2016 yılından itibaren gerçekleştirilmeye başlanmıştır. B) Dünya’nın farklı ülkelerinden pek çok kişi etkinliğe katılmıştır. C) Etkinlik her yıl mart ayında gerçekleştirilmektedir. D) Etkinlik küresel iklim değişikliği konusunda farkındalık yaratmıştır. E) Etkinliğe, amacının evrensel niteliğini yansıtan bir ad verilmiştir.",Paragrafta Anlam,Paragraf
ALES2_sorular-3,page_20.png,9,I. demokrasiye geçişteki gecikme II. kültürel değişim süreci üzerinde III. kadınların umutlarını ve yaşam koşullarını IV. İspanya’da modernizasyona ve V. radikal bir şekilde değiştiren sosyal ve VI. herhangi bir engel oluşturmamıştı Yukarıda numaralanmış sözler anlamlı ve kurallı bir cümle oluşturacak biçimde sıralandığında hangisi baştan üçüncü olur?,Cümle Oluşturma,Paragraf
ALES2_sorular-3,page_20.png,10,I. bölgeyi kasıp kavuran Moğol istilası II. bugüne kadar yapılan incelemeler III. yılları arasına tarihlendiğini yani IV. sonrasından Timur egemenliğine kadarki V. Gevaş mezarlarının miladi 1300 ila 1400 VI. döneme ait olduğunu göstermektedir Yukarıda numaralanmış sözler anlamlı ve kurallı bir cümle oluşturacak biçimde sıralandığında hangisi baştan dördüncü olur?,Cümle Oluşturma,Paragraf
ALES2_sorular-3,page_20.png,11,"I. Hâlbuki insanlar kaçınılmaz olarak hayatını bir sosyal grup içinde geçirir, farklı yönlerden etkiler, etkilenir, şekillendirir ve etkilenir. II. Gündelik yaşamımızda da aynı kanının üzerimizdeki hâkimiyeti devam eder. III. Çoğumuz geçmiş yaşantılarımızın ve çevremizdeki insanların kişiliklerimizin oluşmasına ne derece etki ettiğini düşünmeyiz. IV. Normal bir günde yaptığımız tercihlerin şekillenmesine dâhil olduğumuz sosyal grupların etkisini göz ardı ederiz. V. Hâlihazırdaki kimlik ve kişiliğimizle doğduğumuz; çevremizdekilerin, mesela aile ve arkadaşlarımızın üzerimizde hiçbir etkisinin bulunmadığı kanısında oluruz. Yukarıda numaralanmış cümleler anlamlı bir bütün oluşturacak biçimde sıralandığında hangisi baştan ikinci olur?",Paragraf Oluşturma,Paragraf
ALES2_sorular-3,page_21.png,12,Numaralanmış cümleler anlamlı bir bütün oluşturacak biçimde sıralandığında hangisi baştan dördüncü olur?,Paragrafta Anlam,Paragraf
ALES2_sorular-3,page_21.png,13,İmparatorluklar hakkında verilen numaralanmış cümlelerin anlamlı bir bütün oluşturacak biçimde sıralanması için hangilerinin birbiriyle yer değiştirmesi gerekir?,Paragrafta Anlam,Paragraf
ALES2_sorular-3,page_21.png,14,Pitt-Rivers ve ateşli silahlar hakkında verilen numaralanmış cümlelerin anlamlı bir bütün oluşturacak biçimde sıralanması için hangilerinin birbiriyle yer değiştirmesi gerekir?,Paragrafta Anlam,Paragraf
ALES2_sorular-3,page_22.png,15,"Yıldırımlar, elektrikle yüklü fırtına bulutlarının arasında veya fırtına bulutu ile yer arasında gerçekleşen yük aktarımı sonucunda oluşur. Verilen öncüllerden hangileri doğrudur?",Paragrafta Anlam,Paragraf
ALES2_sorular-3,page_22.png,16,"(I) Patlayan kafa sendromu olarak tanımlanan parasomnia sorunu yaşayan kişiler genellikle tam uykuya dalmak üzereyken ya da uyanmadan hemen önce yüksek sesler duyduklarından şikâyet ediyor. (II) Bazı kişilerde ise bu durum uykuya geçtikten sonraki bir ya da iki saat içinde gerçekleşiyor. (III) 2015’te üniversite öğrencileri arasında yapılan bir araştırmada da öğrencilerin %18’inin hayatlarında en az bir kere hayalî bir ses nedeniyle uyandığı tespit edilmiş. (IV) Hepsinin şikâyeti aynı: “Kafamın içinde patlamalar oluyor.” (V) Kişiler, korkunç şiddetli bir sesle uyandıklarını ve bunun rüyada duyulan bir ses olmadığını söylüyor. Numaralanmış cümlelerden hangisi, parçanın anlam bütünlüğünü bozmaktadır?",Paragrafta Anlam,Paragraf
ALES2_sorular-3,page_22.png,17,"(I) Japonya’nın, 1800’lerin ortalarından itibaren İmparator Meiji önderliğinde başlayan Batı’ya açılma hamlesi, kısa sürede toplumsal bir soruna dönüştü. (II) Bilimsel ve teknik anlamda yüzü Batı’ya dönük olmasına rağmen toplumsal bağlamda geleneklerine sıkı sıkıya bağlı olan Japon halkı, Avrupa kültürüyle karşılaşınca bir bocalama yaşadı. (III) Sanat, felsefe ve bilim çevrelerinden birçok kişi, toplumu alışık olmadığı durumlara karşı uyaran yazılar kaleme aldı, yönlendirici açıklamalarda bulundu. (IV) Bu durum çok ciddi açmazlara neden olmasa da özellikle insan ilişkilerinde kavramsal ve hayati bazı ikilemler doğurdu. (V) Sanat ve edebiyat da hâliyle bu çelişkilerden etkilendi, yeniyle geleneğin çatışmasının yansıtıldığı ürünler ortaya çıkmaya başladı. Numaralanmış cümlelerden hangisi, parçanın anlam bütünlüğünü bozmaktadır?",Paragrafta Anlam,Paragraf
ALES2_sorular-3,page_23.png,18,Uzmanlara göre bir ila üç yaşlarındaki çocukların fiziksel gelişimiyle ilgili verilen paragraftan yola çıkarak numaralı yargılardan hangilerinin doğru olduğu sorulmaktadır.,Paragrafta Anlam,Paragraf
ALES2_sorular-3,page_23.png,19,"'Hatıralarımızla alışkanlıklarımızın yan yana olduğu yerler en çok benimsediğimiz mekânlardır.' cümlesiyle anlatılmak istenen duruma I, II ve III numaralı ifadelerden hangilerinin örnek olarak verilebileceği sorulmaktadır.",Cümlede Anlam,Paragraf
ALES2_sorular-3,page_23.png,20,"Özgürlüğü gerçek anlamda sevme ve kabullenme üzerine verilen paragraftan hareketle I, II ve III numaralı yargılardan hangilerine ulaşılabileceği sorulmaktadır.",Paragrafta Anlam,Paragraf
ALES2_sorular-3,page_23.png,21,"Anadolu halk şiirindeki sevgili anlayışını anlatan paragrafta, altı çizili 'soyutlanmış ve düşlere yakışan bir kadındır' sözüyle vurgulanmak istenen aşağıdakilerden hangisidir?",Paragrafta Anlam,Paragraf
ALES2_sorular-3,page_24.png,22,"Tarih, belgeler ışığında şahitlik ilmi olarak tanımlanır... Bu parçada tarihçilikle ilgili aşağıdakilerden hangisi vurgulanmaktadır?",Paragrafta Anlam,Paragraf
ALES2_sorular-3,page_24.png,23,Cervantes'in Don Kişot adlı eserinin Rus edebiyatına etkisi romanla sınırlı kalmamıştır... Bu parçaya göre aşağıdakilerden hangisi söylenemez?,Paragrafta Anlam,Paragraf
ALES2_sorular-3,page_25.png,24,Verilen parçaya göre 'Melek Aynası' adlı gerilim romanının gerilim romanı sayılamama gerekçesi aşağıdakilerden hangisi olamaz?,Paragrafta Anlam,Paragraf
ALES2_sorular-3,page_25.png,25,Bu diyalogda boş bırakılan yerlere sırasıyla aşağıdakilerden hangisi getirilmelidir?,Paragrafta Anlam,Paragraf
ALES2_sorular-3,page_26.png,26,Büyük Mercan Kayalıkları ile ilgili aşağıdakilerden hangisine değinilmemiştir?,Paragrafta Anlam,Paragraf
ALES2_sorular-3,page_26.png,27,Sanatsal etkinliklerin devlet tarafından desteklendiği... Bu parçadan hareketle hangi ifadelere ulaşılabilir?,Paragrafta Anlam,Paragraf
ALES2_sorular-3,page_27.png,28,Bu parçadan hareketle aşağıdakilerden hangisine ulaşılamaz?,Paragrafta Anlam,Paragraf
ALES2_sorular-3,page_27.png,29,Bu parçada etikle ilgili aşağıdakilerden hangisine değinilmemiştir?,Paragrafta Anlam,Paragraf
ALES2_sorular-3,page_27.png,30,Bu parçaya göre insanların etikle olan ilişkisi hakkında aşağıdakilerden hangisi doğrudur?,Paragrafta Anlam,Paragraf
ALES2_sorular-3,page_28.png,31,Bu parçadan hareketle romantik yazarlarla ilgili aşağıdakilerden hangisine ulaşılabilir?,Paragrafta Anlam,Paragraf
ALES2_sorular-3,page_28.png,32,Bu parçada aşağıdakilerden hangisine değinilmemiştir?,Paragrafta Anlam,Paragraf
ALES2_sorular-3,page_29.png,33,Bu parçadan hareketle aşağıdaki yargıların hangisine ulaşılabilir?,Paragrafta Anlam,Paragraf
ALES2_sorular-3,page_29.png,34,Bu parçada aşağıdaki sorulardan hangisinin cevabı vardır?,Paragrafta Anlam,Paragraf
ALES2_sorular-3,page_29.png,35,Bu parçadaki numaralanmış cümlelerden hangisi kişisel yargı içermektedir?,Paragrafta Anlam,Paragraf
ALES2_sorular-3,page_30.png,36,Bu parçada altı çizili ifade yerine aşağıdakilerden hangisi getirilebilir?,Paragrafta Anlam,Paragraf
ALES2_sorular-3,page_30.png,37,Bu parçadan hareketle aşağıdakilerden hangisine ulaşılamaz?,Paragrafta Anlam,Paragraf
ALES2_sorular-3,page_30.png,38,Bu parçada aşağıdakilerden hangisine değinilmemiştir?,Paragrafta Anlam,Paragraf
ALES2_sorular-3,page_31.png,39,Bu parçalarla ilgili aşağıdakilerden hangisi söylenebilir?,Paragrafta Anlam,Paragraf
ALES2_sorular-3,page_31.png,40,I. parçaya göre kadınların toplumda geri plandaki rolleri üstlenmelerinin temel nedeni aşağıdakilerden hangisidir?,Paragrafta Anlam,Paragraf
ALES2_sorular-3,page_31.png,41,II. parçaya göre aşağıdakilerden hangisi söylenemez?,Paragrafta Anlam,Paragraf
ALES2_sorular-3,page_32.png,42,Aşağıdakilerden hangisi hem I hem de II numaralı parçada ele alınan konulardan biridir?,Paragrafta Anlam,Paragraf
ALES2_sorular-3,page_33.png,43,Hangi kaptanların yatı kesin olarak bilinmektedir?,Sözel Mantık,Yeni Nesil Mantık
ALES2_sorular-3,page_33.png,44,Hangi yatlar Sonsuz ve Şanslı isimli yatların arasında tamamlamış olabilir?,Sözel Mantık,Yeni Nesil Mantık
ALES2_sorular-3,page_33.png,45,Arda'nın yarışa Şanslı isimli yatla katıldığı biliniyorsa aşağıdakilerden hangisi kesin olarak yanlıştır?,Sözel Mantık,Yeni Nesil Mantık
ALES2_sorular-3,page_33.png,46,Yarışı Davut'un kazandığı biliniyorsa aşağıdakilerden hangisi kesin olarak doğrudur?,Sözel Mantık,Yeni Nesil Mantık
ALES2_sorular-3,page_34.png,47,C adlı hayır kurumu için yarışmış olabilecek atletler.,Sözel Mantık,Yeni Nesil Mantık
ALES2_sorular-3,page_34.png,48,B adlı hayır kurumu için yarışmış olabilecek atletlerin sıralaması.,Sözel Mantık,Yeni Nesil Mantık
ALES2_sorular-3,page_34.png,49,Yarış sıralamaları veya kulüp üyelikleri hakkında doğru ifade.,Sözel Mantık,Yeni Nesil Mantık
ALES2_sorular-3,page_34.png,50,Tüm atletlerin sıralamasını ve kulüp üyeliğini tam belirlemek için yeterli bilgi.,Sözel Mantık,Yeni Nesil Mantık
ALES3-12112019,page_5.png,1,(1/3 - 3/5) + (4/5 - 2/3) / (2/5 - 2/3),Rasyonel Sayılar,Salt İşlem
ALES3-12112019,page_5.png,2,(4^5 - 5^4) / (13^2 - 6^2),Üslü Sayılar ve Özdeşlikler,Salt İşlem
ALES3-12112019,page_5.png,3,(3 + √3 + √27) / (8 + √12),Köklü Sayılar,Salt İşlem
ALES3-12112019,page_5.png,4,5 * (7! - 6!) / (6 * (6! - 5!)),Faktöriyel,Salt İşlem
ALES3-12112019,page_6.png,5,"AB7 - AB = AA1 olduğuna göre, A + B toplamı kaçtır?",Temel Kavramlar (Basamak Analizi),Salt İşlem
ALES3-12112019,page_6.png,6,a⁵ • b⁴ • c³ sayısının pozitif olduğu biliniyor. I. a•c II. a•b III. b•c ifadelerinden hangileri her zaman pozitif sayıdır?,Temel Kavramlar (Sayının İşareti),Salt İşlem
ALES3-12112019,page_6.png,7,x − y • z ve y + 2 • z ifadeleri birer tek sayıdır. I. x • y • z II. x + y + z III. x • (y + z) ifadelerinden hangileri her zaman çift sayıdır?,Temel Kavramlar (Tek/Çift Sayılar),Salt İşlem
ALES3-12112019,page_6.png,8,x − z < 0 < y − x eşitsizliği veriliyor. I. x • y • z < 0 II. x + z < y III. |x| < |y| ifadelerinden hangileri her zaman doğrudur?,Temel Kavramlar (Eşitsizlikler),Salt İşlem
ALES3-12112019,page_7.png,9,"x, y ve z gerçel sayıları için x + 2y = 12, y + 2z = 11, z + 2x = 7 olduğuna göre, x - y + z değeri kaçtır?",Denklemler,Salt İşlem
ALES3-12112019,page_7.png,10,"x gerçel sayısı için 8^(2-x) = 16 olduğuna göre, x kaçtır?",Üslü Sayılar,Salt İşlem
ALES3-12112019,page_7.png,11,"x ve y birer gerçel sayı olmak üzere, |x - 7| = 2x - 5 ve |y + 6| = x - y eşitlikleri veriliyor. Buna göre, x * y çarpımı kaçtır?",Mutlak Değer,Salt İşlem
ALES3-12112019,page_7.png,12,"Venn şeması ile gösterilen A, B ve C kümeleriyle ilgili verilen bilgilere göre, C kümesinin eleman sayısı kaçtır?",Kümeler,Salt İşlem
ALES3-12112019,page_8.png,13,"m ve n pozitif tam sayılar olmak üzere; m+8'in 20 ile bölümünden elde edilen bölüm n+7, kalan ise n^2-9 oluyor. Buna göre, m'nin alabileceği en büyük değer kaçtır?",Bölme ve Bölünebilme,Salt İşlem
ALES3-12112019,page_8.png,14,"Gerçek sayılar kümesi üzerinde ★ işlemi, her a ve b gerçek sayısı için a★b = |2a^2 - b^2| - 9 biçiminde tanımlanıyor. Buna göre, 2★k = 1 eşitliğini sağlayan k değerleri çarpımı kaçtır?",Mutlak Değer ve İşlemler,Salt İşlem
ALES3-12112019,page_8.png,15,"Toplamları 128 olan iki basamaklı AB ve CD doğal sayılarının rakamları için A/C = 2 ve B/D = 3 eşitlikleri veriliyor. Buna göre, AB - CD farkı kaçtır?",Sayı Basamakları ve Denklemler,Problemler
ALES3-12112019,page_8.png,16,"Kerem, her otomobilin liste satış fiyatının olduğu bir galeride çalışmakta ve sattığı her otomobilin satış fiyatının % 1'i kadar komisyon almaktadır. Bir otomobili liste satış fiyatından % 3 indirim yaparak satan Kerem, bu otomobili liste satış fiyatından satsaydı 24 TL daha fazla komisyon alacaktı. Buna göre, bu otomobilin liste satış fiyatı kaç TL'dir?",Yüzde Problemleri,Problemler
ALES3-12112019,page_9.png,17,"Farklı hızlarla hareket eden 4 bisikletli (Burcu, Can, Deniz, Emir) A noktasından yola çıkarak 1 saatte belirli noktalara (B, C, D, E) ulaşıyorlar. Burcu C kentine ulaştığında Can ve Deniz'in konumu.",Hareket Problemleri,Problemler
ALES3-12112019,page_9.png,18,"Zeynep Hanım'ın kız ve erkek çocukları ile torunlarının sayı ve yaş ortalamaları veriliyor. Zeynep Hanım, çocukları ve torunlarının genel yaş ortalaması 36 ise, toplam torun sayısı.",Yaş Problemleri,Problemler
ALES3-12112019,page_9.png,19,"Sınav net hesaplama kuralı (Doğru - Yanlış/4) ve Demet ile Elif'in doğru, yanlış, boş sayıları tablosu veriliyor. Elif boşlarını doğru cevaplasaydı neti Demet'in netine eşit olacağına göre, Demet'in boş soru sayısı.",Problemler,Tablo/Grafik Okuma
ALES3-12112019,page_10.png,20,"Televizyon ekranının görünür alanının oranı 4:3'ten 16:9'a ayarlandığında, görünür alan başlangıçtaki duruma göre yüzde kaç küçülmüştür?",Oran Orantı ve Yüzde Problemleri,Problemler
ALES3-12112019,page_10.png,21,"Bir terzi, siyah ceketler için 3 büyük, 8 küçük düğme; lacivert ceketler için 2 büyük, 6 küçük düğme kullanıyor. Toplam 69 büyük ve 192 küçük düğme kullanıldığına göre, dikilen toplam ceket sayısı kaçtır?",Sayı Problemleri ve Denklem Kurma,Problemler
ALES3-12112019,page_10.png,22,"Bir öğrenci grubunda 8 öğrenci 1'er kitap almıştır. Diğerleri en az 2, en çok 4 kitap almıştır. 3'er kitap alan öğrenci sayısı, 2'şer kitap alanların iki katı; 4'er kitap alan öğrenci sayısı, 2'şer kitap alanların yarısıdır. Toplam 128 kitap alındığına göre, grupta kaç öğrenci vardır?",Sayı Problemleri ve Denklem Kurma,Problemler
ALES3-12112019,page_11.png,23,"8 kişilik bir gruptan 4'ü ilk taksiye, diğer 4'ü ikinci taksiye biniyor. Selda ve Tuğba'nın farklı taksilere binme olasılığı?",Olasılık,Problemler
ALES3-12112019,page_11.png,24,1'den 6'ya kadar numaralı 6 boş odada 3'ü arkadaş 5 kişi kalacak. Arkadaşların oda numaraları ardışık olacak şekilde kaç farklı yerleştirme yapılabilir?,Permütasyon ve Kombinasyon,Problemler
ALES3-12112019,page_11.png,25,İki basamaklı kaç tane yakın karesel sayı vardır? (Yakın karesel sayı: Sayının rakamları toplamı çıkarıldığında kare sayı veren sayı),Sayı Basamakları,Problemler
ALES3-12112019,page_11.png,26,"Üç basamaklı en büyük yakın karesel sayı, üç basamaklı en küçük yakın karesel sayıdan kaç fazladır?",Sayı Basamakları,Problemler
ALES3-12112019,page_12.png,27,"189 bilet satıldığında, satış fiyatı 300 TL olan kaç bilet satılmıştır?",Sayısal Mantık,Problemler
ALES3-12112019,page_12.png,28,"Ali, Beril ve Ceren'in bilet fiyatları arasındaki ilişkiye göre, Ali'nin aldığı bilet hangileri olabilir?",Sayısal Mantık,Problemler
ALES3-12112019,page_12.png,29,54 kg kuru yemiş karışımı için kaç kg kabuklu ceviz kullanılmalıdır?,Tablo/Grafik Yorumlama,Problemler
ALES3-12112019,page_12.png,30,Verilen stok miktarlarıyla kuru yemiş karışımından en fazla kaç kg hazırlanabilir?,Tablo/Grafik Yorumlama,Problemler
ALES3-12112019,page_13.png,31,Verilen düzenekte her bir düğmeye birer kez basılması sonucunda elde edilen sayı kaçtır?,Modüler Aritmetik,Yeni Nesil Mantık
ALES3-12112019,page_13.png,32,Verilen düzenekte iki farklı düğmeye birer kez basıldığında aşağıdaki sayılardan hangisi elde edilemez?,Sayısal Mantık / Kombinasyon,Yeni Nesil Mantık
ALES3-12112019,page_13.png,33,"Her düğmeye en az bir kez basıldıktan sonra başlangıç sayısına geri dönen düzenekte, düğmelere toplamda en az kaç kez basılmıştır?",Modüler Aritmetik,Yeni Nesil Mantık
ALES3-12112019,page_14.png,34,"a_k = 12 terimi 9. satırda, k değeri kaçtır?",Sayı Dizileri,Problemler
ALES3-12112019,page_14.png,35,a_217 teriminin değeri kaçtır?,Sayı Dizileri,Problemler
ALES3-12112019,page_14.png,36,a_k = 13 olacak şekilde kaç farklı k değeri vardır?,Sayı Dizileri,Problemler
ALES3-12112019,page_15.png,37,"1, 2 ve 3 rakamlarıyla oynanan oyunda başlayan öğrencinin ilk kağıdındaki sayı 4 ise, aynı öğrencinin ikinci kağıdındaki sayı nedir?",Sayısal Mantık,Yeni Nesil Mantık
ALES3-12112019,page_15.png,38,"Öğrencilerin ilk kağıtlarındaki sayılar sırasıyla 12, 16 ve 21 ise, seçilen rakamların çarpımı kaçtır?",Sayısal Mantık,Yeni Nesil Mantık
ALES3-12112019,page_15.png,39,"Oyuna başlayan öğrencinin ilk kağıdındaki sayı 11 ve ikinci kağıdındaki sayı 28 ise, aynı öğrencinin dördüncü kağıdındaki sayı kaçtır?",Sayısal Mantık,Yeni Nesil Mantık
ALES3-12112019,page_16.png,40,Verilen sayı dizilimine göre kaç daire maviye boyanacaktır?,Sayısal Mantık,Yeni Nesil Mantık
ALES3-12112019,page_16.png,41,Mavi daireler ve bilinen sayılara göre x - y değerini bulma,Sayısal Mantık,Yeni Nesil Mantık
ALES3-12112019,page_16.png,42,Sadece belirtilen dairelerin mavi olması koşuluyla kaç farklı sayı dizilimi mümkündür?,Sayısal Mantık,Yeni Nesil Mantık
ALES3-12112019,page_17.png,43,"ABC üçgeninde |AC|=|BC|, |DB|=|DC| ve m(ADC)=80° olduğuna göre, m(ACD)=x kaç derecedir?",Geometri (Üçgenler),Salt İşlem
ALES3-12112019,page_17.png,44,"ABCD kare, ACKN dikdörtgen. K, L, M ve N noktaları doğrusal. ABCD karesinin alanı ACKN dikdörtgeninin alanının 3 katıdır. Buna göre, DML üçgeninin alanı KLC üçgeninin alanının kaç katıdır?",Geometri (Alan),Salt İşlem
ALES3-12112019,page_17.png,45,"Kenar uzunlukları 4 ve 8 birim olan bir dikdörtgenin bir köşesi diğer bir köşesinin üzerine gelecek biçimde katlanarak aşağıdaki beşgen biçimindeki katlanmış şekil elde ediliyor. Buna göre, beşgen biçimindeki katlanmış şeklin alanı kaç birimkaredir?","Geometri (Katlama Problemleri, Alan)",Yeni Nesil Mantık
ALES3-12112019,page_17.png,46,"ABC üçgeninde [AC] dik [BD], |AD|=|BC| ve |AB|=3|DC| olduğuna göre, |AD|/|DC| oranı kaçtır?","Geometri (Dik Üçgenler, Öklid Bağıntıları)",Salt İşlem
ALES3-12112019,page_18.png,47,"Düzgün altıgen içinde verilen AE ve BD merkezli çember yaylarının uzunlukları x ve y olduğuna göre, x/y oranı kaçtır?",Geometri,Salt İşlem
ALES3-12112019,page_18.png,48,"Dikdörtgenler prizmasının taban ayrıt uzunlukları yarıya indirilip yüksekliği iki katına çıkarılınca hacmi 10 birimküp, yüzey alanı ise 5 birimkare azalıyor. Başlangıçtaki yüksekliği kaç birimdir?",Geometri,Problemler
ALES3-12112019,page_18.png,49,"Farklı renklere boyanmış bir küpün iki farklı görünümü verilmiştir. Verilen bilgilere göre, karşıt yüzeylerle ilgili ifadelerden hangileri her zaman doğrudur?",Sözel Mantık,Yeni Nesil Mantık
ALES3-12112019,page_19.png,50,"Çubuğa dizilmiş, her biri iki renge boyanmış dört diskin üstten görünümü nedir?",Görsel Mantık,Yeni Nesil Mantık
ALES3-12112019,page_20.png,1,"Terapi bahçelerinin tedaviye ---- konusunda yapılan araştırmaların sonuçlarına göre, bahçede ve doğada zaman geçirmek çoğu zaman ameliyatların, yaraların ve diğer bazı rahatsızlıkların ---- hızlandırıyor.",Cümlede Anlam,Paragraf
ALES3-12112019,page_20.png,2,"Yüzlerce yıllık zeytin ağaçlarının kökleri üzerinde yükselen beton kutularda oturduğumuz sürece asla huzur bulamayacağız. Ağaçların, yaşlı olduğu için kesildiğinde kendimizi ikna etmeye çalışsak da adı konmamış bir huzursuzluk içimizi kemirmeye devam edecek. Ağaçları kestikten sonra onlardan kalan yeşilliği hatırlamak için yeni sitemize “Zeytinlik Sitesi”, “Elmalık Sitesi” adını versek de rahat edemeyeceğiz. Kestiğimiz fidanların adını yaşatmak için apartmanımıza “Fidan Apartmanı” adını koymamız da kaçan huzurumuzu geri getirmeyecek. ----.",Paragrafta Anlam,Paragraf
ALES3-12112019,page_20.png,3,"Kişisel gelişim inancına göre yeni bir araba veya ev istiyorsanız, kendinizi o araba veya evin içinde otururken görmeli ve hissetmelisiniz. Bu durumda zihniniz kendi gerçekliğinize ulaşmanız için gerekeni ayarlamayı yapacaktır. Ancak araba veya ev alacak gücünüzün olmadığını düşünecek olursanız evren de sizin gibi düşünecek ve isteğiniz gerçekleşmeyecektir. Evren ve insan arasındaki bu iş birliği, bir çeşit alışveriş olarak da değerlendirilebilir. Bu durumda isteklerinizi, anlatılan kurallara uygun şekilde zihninizde canlandırmayı başarmanız, ----.",Paragrafta Anlam,Paragraf
ALES3-12112019,page_20.png,4,"Bernard, sevgilisi Laura’nın hazırlanmasını beklemek için salondaki koltuğa oturduğunda kadının kedisini gördü. Kediye karşı özel bir sempatisi yoktu ama hayvanın Laura’nın gözündeki değerini bildiğinden elini kediye uzatıp onu sevmek istedi. Fakat kedi tısplayarak pati attı ve kaçtı. İşin kötüsü bu sahneyi gören Laura kediye hak vermiş ve şöyle demişti: ----.",Paragrafta Anlam,Paragraf
ALES3-12112019,page_21.png,5,Paragrafta boş bırakılan yere getirilebilecek ifadeyi bulma.,Paragrafta Anlam,Paragraf
ALES3-12112019,page_21.png,6,Verilen metinden kesin olarak çıkarılabilecek yargıyı bulma.,Paragrafta Anlam,Paragraf
ALES3-12112019,page_21.png,7,Verilen metinden kesin olarak çıkarılabilecek yargıyı bulma.,Paragrafta Anlam,Paragraf
ALES3-12112019,page_22.png,8,Bir paragraftan çıkarılabilecek veya çıkarılamayacak yargıları bulma.,Paragrafta Anlam,Paragraf
ALES3-12112019,page_22.png,9,Numaralanmış sözleri anlamlı ve kurallı bir cümle oluşturacak biçimde sıralama ve baştan üçüncü kelimeyi bulma.,Sözel Mantık,Sözel Mantık
ALES3-12112019,page_22.png,10,Numaralanmış sözleri anlamlı ve kurallı bir cümle oluşturacak biçimde sıralama ve baştan dördüncü kelimeyi bulma.,Sözel Mantık,Sözel Mantık
ALES3-12112019,page_22.png,11,Numaralanmış cümleleri anlamlı bir bütün oluşturacak biçimde sıralama ve baştan üçüncü cümleyi bulma.,Paragrafta Anlam,Paragraf
ALES3-12112019,page_23.png,12,"Mikado oyununun kuralları üzerine numaralanmış cümleler, anlamlı bir bütün oluşturacak şekilde sıralandığında baştan ikinci cümle hangisi olur?",Paragrafta Anlam,Sözel Mantık
ALES3-12112019,page_23.png,13,"Aşk temalı söz ve eserler üzerine numaralanmış cümleler, anlamlı bir bütün oluşturmak için hangi ikisinin birbiriyle yer değiştirmesi gerekir?",Paragrafta Anlam,Sözel Mantık
ALES3-12112019,page_23.png,14,"Bazı sözcüklerin kullanımı ve etkisi üzerine numaralanmış cümleler, anlamlı bir bütün oluşturmak için hangi ikisinin birbiriyle yer değiştirmesi gerekir?",Paragrafta Anlam,Sözel Mantık
ALES3-12112019,page_24.png,15,Verilen cümleler arasındaki anlam ilişkisini belirleme.,Paragrafta Anlam,Paragraf
ALES3-12112019,page_24.png,16,Parçanın anlam bütünlüğünü bozan cümleyi bulma.,Paragrafta Anlam,Paragraf
ALES3-12112019,page_24.png,17,Parçanın anlam bütünlüğünü bozan cümleyi bulma.,Paragrafta Anlam,Paragraf
ALES3-12112019,page_25.png,18,"Norveç'te yapılan bir çalışmada kadın ve erkekler arasında espri anlayışı, ölüm riski ve hastalıklarla ilişkisini inceleyen uzun bir paragraf metni.",Paragrafta Anlam,Paragraf
ALES3-12112019,page_25.png,19,"'İnsanların hakkında ne düşündüğünü, bunu ne kadar az yaptıklarını fark ettiğinizde çok daha az önemseyeceksiniz.' sözünü destekleyen numaralanmış cümlelerin tespiti.",Paragrafta Anlam,Paragraf
ALES3-12112019,page_25.png,20,"Boğa'nın kırmızı renge tepkisini anlattığı kısa bir metin verilmiş, parçada anlatılmak istenen ana fikrin tespiti.",Paragrafta Anlam,Paragraf
ALES3-12112019,page_26.png,21,"Eller, düşüncelerin ifadesinde en güçlü destekleyicimizdendir... 'düşüncelerimizi dünyaya ellerimizle indiririz' altı çizili sözle anlatılmak istenen aşağıdakilerden hangisidir?",Paragrafta Anlam,Paragraf
ALES3-12112019,page_26.png,22,Yön bulmaya yarayan navigasyon uygulamaları genellikle gidilecek yer için en hızlı ve en kısa rota üzerinden seçenekler sunar... Bu parçaya göre söz edilen yeni uygulama hakkında aşağıdaki yargılardan hangisi söylenemez?,Paragrafta Anlam,Paragraf
ALES3-12112019,page_27.png,23,Pompei kentinin keşfi ve Giuseppe Fiorelli'nin kurbanları kükürt kalıplarına dönüştürme yöntemi hakkındaki bir paragraftan çıkarılabilecek yargı nedir?,Paragrafta Anlam,Paragraf
ALES3-12112019,page_27.png,24,Bir gazeteci ve otomobil üreticisi arasındaki sürücüsüz otomobillerle ilgili diyaloğu anlam bütünlüğüne göre tamamlayın.,Sözel Mantık,Paragraf
ALES3-12112019,page_28.png,25,Bu parçanın yazarına göre sinemaya dair despotik yorumlar yapılmasının nedeni aşağıdakilerden hangisidir?,Paragrafta Anlam,Paragraf
ALES3-12112019,page_28.png,26,Bu parçada Pinokyo Rex ile ilgili aşağıdakilerden hangisine değinilmemiştir?,Paragrafta Anlam,Paragraf
ALES3-12112019,page_28.png,27,Bu parçada Fas ile ilgili aşağıdakilerden hangisine değinilmemiştir?,Paragrafta Anlam,Paragraf
ALES3-12112019,page_29.png,28,Arkeologlar buldukları şeylerin tarihlerini hesaplamak için bağlamdan da yararlanırlar. Toprak tabakaları zamanla birbirinin üstüne birikir... Bu parçadan hareketle arkeolojik araştırmalarla ilgili aşağıdakilerden hangisi söylenemez?,Paragrafta Anlam,Paragraf
ALES3-12112019,page_29.png,29,"Yıllar önce, bir gazetede 'Murat Ali' başlıklı bir resimli öykü yazar ve çizerdim... Bu parçanın yazarı aşağıdakilerden hangisiyle nitelendirilebilir?",Paragrafta Anlam,Paragraf
ALES3-12112019,page_29.png,30,Bu parçanın yazarı aşağıdakilerin hangisinden yakınmaktadır?,Paragrafta Anlam,Paragraf
ALES3-12112019,page_30.png,31,Bu parçada 'Losing My Religion' ile ilgili aşağıdakilerin hangisine değinilmemiştir?,Paragrafta Anlam,Paragraf
ALES3-12112019,page_30.png,32,"Bu parçada altı çizili sözle, 'Losing My Religion' şarkısıyla ilgili anlatılmak istenen aşağıdakilerden hangisidir?",Paragrafta Anlam,Paragraf
ALES3-12112019,page_31.png,33,Parçada tarihi tiyatro eserleriyle ilgili değinilmeyen yargı nedir?,Paragrafta Anlam,Paragraf
ALES3-12112019,page_31.png,34,Parçadaki altı çizili söz yerine getirilebilecek ifade nedir?,Paragrafta Anlam,Paragraf
ALES3-12112019,page_31.png,35,Tarihi tiyatro eserlerinin gelişmesini engelleyen temel neden nedir?,Paragrafta Anlam,Paragraf
ALES3-12112019,page_32.png,36,Bu parçada söz edilen araştırmayla ilgili aşağıdakilerden hangisi söylenebilir?,Paragrafta Anlam,Paragraf
ALES3-12112019,page_32.png,37,Bu parçada altı çizili sözle anlatılmak istenen aşağıdakilerden hangisidir?,Paragrafta Anlam,Paragraf
ALES3-12112019,page_32.png,38,Bu parçaya göre anne-baba ispinozlar yaptıkları uyarıyla yavrularından ne yapmalarını istemektedir?,Paragrafta Anlam,Paragraf
ALES3-12112019,page_33.png,39,Bu parçada Saatleri Ayarlama Enstitüsü başlıklı romanın ön plana çıkarılan özelliği aşağıdakilerden hangisidir?,Paragrafta Anlam,Paragraf
ALES3-12112019,page_33.png,40,Bu parçaya göre Hayri İrdal karakterinin seyirci yöntemi için uygun olan niteliği aşağıdakilerden hangisidir?,Paragrafta Anlam,Paragraf
ALES3-12112019,page_33.png,41,Buna göre Hayri İrdal'ın romandaki ifadelerinden hangilerinin “understatement” olarak adlandırılan anlatıma uygun olduğu söylenebilir?,Paragrafta Anlam,Paragraf
ALES3-12112019,page_34.png,42,Bir parçaya göre Ahmet Hamdi Tanpınar'ın eserine incelik ve güç kazandırmak amacıyla okura yüklediği görev aşağıdakilerden hangisidir?,Paragrafta Anlam,Paragraf
ALES3-12112019,page_35.png,43,"Ali, Buket, Ceyda adlı öğrencilerden hangileri finalden 100 almış olabilir?",Sözel Mantık,Yeni Nesil Mantık
ALES3-12112019,page_35.png,44,Aşağıdakilerden hangisi kesin olarak doğrudur?,Sözel Mantık,Yeni Nesil Mantık
ALES3-12112019,page_35.png,45,Aşağıdakilerden hangisi kesin olarak doğrudur?,Sözel Mantık,Yeni Nesil Mantık
ALES3-12112019,page_35.png,46,Ali'nin final sınavından aldığı not ile Buket'in vize sınavından aldığı notun aynı olduğu biliniyorsa aşağıdakilerden hangisi doğrudur?,Sözel Mantık,Yeni Nesil Mantık
ALES3-12112019,page_36.png,47,"Ağırlık kaldırma, bisiklete binme, yüzme egzersizlerinden hangileri birinci sırada yapılmış olabilir?",Sözel Mantık,Yeni Nesil Mantık
ALES3-12112019,page_36.png,48,Aşağıdakilerden hangisi kesin olarak doğrudur?,Sözel Mantık,Yeni Nesil Mantık
ALES3-12112019,page_36.png,49,Bir kişi egzersizini yaptıktan hemen sonra egzersizini yapmıştır. Bu cümlede boş bırakılan yerlere sırasıyla aşağıdakilerden hangisi getirilemez?,Sözel Mantık,Yeni Nesil Mantık
ALES3-12112019,page_36.png,50,Pelin'in dördüncü sırada yaptığı egzersizi Ruşen'in ikinci sırada yaptığı biliniyorsa aşağıdakilerden hangisi doğrudur?,Sözel Mantık,Yeni Nesil Mantık
ALES3_sorular,page_3.png,1,(1 + 1/4) / (1 - 1/2 + 1/3) işleminin sonucu kaçtır?,Rasyonel Sayılar,Salt İşlem
ALES3_sorular,page_3.png,2,2^2 * 4^4 * 6^6 / 24^5 işleminin sonucu kaçtır?,Üslü Sayılar,Salt İşlem
ALES3_sorular,page_3.png,3,(√32 + √8) / √72 işleminin sonucu kaçtır?,Köklü Sayılar,Salt İşlem
ALES3_sorular,page_3.png,4,(6! - 5!) / 5! işleminin sonucu kaçtır?,Faktöriyel,Salt İşlem
ALES3_sorular,page_4.png,5,"Sayı basamaklarında toplama işlemi (3AA + B4B + 1CC5 = 1919 gibi, A+B+C toplamı)",Sayı Basamakları,Salt İşlem
ALES3_sorular,page_4.png,6,"Sıfırdan farklı a, b, c gerçek sayıları için c < 1/a + 1/b < 1/c eşitsizliğini sağlayan a, b, c sıralaması",Eşitsizlikler,Salt İşlem
ALES3_sorular,page_4.png,7,Denklem çözme: (3x-1) / (x-1/4) = 2 eşitliğini sağlayan x değeri,Rasyonel Denklemler,Salt İşlem
ALES3_sorular,page_4.png,8,"a, b, c tam sayılar için (a-b çift, a+c tek) bilindiğine göre hangi ifadelerin (a.b.c, a.c+b, a+b+c) her zaman çift olduğu",Tek-Çift Sayılar,Salt İşlem
ALES3_sorular,page_5.png,9,"a, b ve c gerçel sayıları için a/b < 0 < b/c < a*b*c olduğuna göre; a, b ve c sayılarının işaretleri sırasıyla aşağıdakilerden hangisidir?",Eşitsizlikler,Salt İşlem
ALES3_sorular,page_5.png,10,"x ve y gerçel sayıları |x| - x = 12 ve |x - y| = -y eşitliklerini sağlıyor. Buna göre, x + y toplamı kaçtır?",Mutlak Değer,Salt İşlem
ALES3_sorular,page_5.png,11,"3^(x-1) + 3^x + 3^(x+1) = 26 olduğuna göre, 9^x ifadesinin değeri kaçtır?",Üslü Sayılar,Salt İşlem
ALES3_sorular,page_5.png,12,"Gerçel sayılar kümesi üzerinde a*b = a + b + 2*a*b biçiminde tanımlanıyor. Buna göre, 2*4 = 1*c eşitliğini sağlayan c sayısı kaçtır?",İşlem Tanımı,Salt İşlem
ALES3_sorular,page_5.png,13,"A ve B kümelerinin eleman sayıları ile ilgili s(A) = s(B \ A) = 3*s(A \ B) ve s(B) = 30 eşitlikleri biliniyor. Buna göre, s(A U B) kümesinin eleman sayısı kaçtır?",Kümeler,Salt İşlem
ALES3_sorular,page_6.png,14,"Rakamları farklı üç basamaklı bir doğal sayı ile ilgili bilgiler verilmiş. Sayının kendisi 3 ile, birler ve yüzler basamağının yer değişmesiyle elde edilen sayı 5 ile, onlar ve yüzler basamağının yer değişmesiyle elde edilen sayı 4 ile tam bölünmektedir. Buna göre, bu sayının onlar basamağındaki rakam aşağıdakilerden hangisi olamaz?",Sayılar Teorisi / Basamak Analizi,Problemler
ALES3_sorular,page_6.png,15,"0, 1, 2, 3, 4, 5 rakamlarının tümü kullanılarak iki basamaklı 3 tane doğal sayı yazılacaktır. Buna göre, yazılacak olan bu 3 doğal sayının toplamının alabileceği en büyük değer, en küçük değerden kaç fazladır?",Sayı Oluşturma / Kombinasyon,Problemler
ALES3_sorular,page_6.png,16,"Eşit sayıda 15 TL'lik ve 20 TL'lik hediye çeki kazanan Ahmet'in kazandığı hediye çeklerinin toplam değeri 1400 TL olarak hesaplanmıştır. Ahmet, bu hediye çeklerinden bazılarını kullanarak 325 TL değerinde bir alışveriş yapmıştır. Bu alışveriş için kullandığı 15 TL'lik çeklerin sayısı, 20 TL'lik çeklerin sayısının 3 katına eşittir. Buna göre, Ahmet'in elinde kalan 15 TL'lik ve 20 TL'lik çeklerin toplam sayısı kaçtır?",Denklem Kurma Problemleri,Problemler
ALES3_sorular,page_6.png,17,"Çorbalar, salatalar, et yemekleri, sebze yemekleri ve tatlılar olmak üzere beş bölümden oluşan bir yemek kitabı hazırlayan Sevim, ilk bölümü tamamladıktan sonra diğer bölümler için arada sayfa bırakmadan, sonraki boş sayfayı kullanmıştır. Kitabın içindekiler kısmını başlangıçta Şekil 1'deki gibi planlayan Sevim, daha sonra bölümlerin sayfa sayılarını değiştirmeden içindekiler kısmını Şekil 2'deki gibi tekrar düzenlemiştir. Buna göre, Şekil 2'de '?' ile gösterilen yerlere gelecek sayıların toplamı kaçtır?",Tablo Okuma / Mantık Problemleri,Tablo/Grafik Okuma
ALES3_sorular,page_7.png,18,"Bir restoranda hamburger menüsünün fiyatı 40 TL'dir. Bu hamburger menüsünü internet üzerinden satın alanlara bu fiyata % 15 indirim uygulanmaktadır. Bir gün boyunca satılan 100 hamburger menüsünden toplam 3640 TL gelir elde edildiğine göre, internet üzerinden satın alınan hamburger menülerinin sayısı kaçtır?",Yüzde Problemleri,Problemler
ALES3_sorular,page_7.png,19,"A ve B kentleri arasında iki farklı yol vardır. Ayşe aracıyla, bu yollardan birini kullanarak A kentinden B kentine saatte 75 kilometre sabit hızla 2 saat 12 dakikada; B kentinden A kentine diğer yolu kullanarak saatte 110 kilometre sabit hızla 2 saatte varmıştır. Buna göre, Ayşe'nin kullandığı bu iki yolun uzunlukları arasındaki fark kaç kilometredir?",Hız Problemleri,Problemler
ALES3_sorular,page_7.png,20,"Yeni bir oturma grubu alan Aslı; oturma grubunun fiyatının 1/7'sini peşin, kalan parayı da 4 eşit taksitle ödeyecektir. Ödenecek her bir taksit tutarı 2700 TL olduğuna göre, oturma grubunun fiyatı kaç TL'dir?",Kesir Problemleri,Problemler
ALES3_sorular,page_7.png,21,"Berna'nın, İngilizce ve matematik dersleri almak için kayıtlı olduğu bir kurstaki haftalık ders programının tamamı aşağıdaki tabloda verilmiştir. Berna, belirli bir haftada 3 gün kursa gitmediği için İngilizce ve 6 matematik dersini alamamıştır. Buna göre, Berna bu hafta hangi gün kursa kesinlikle gitmiştir?",Sözel Mantık,Tablo/Grafik Okuma
ALES3_sorular,page_8.png,22,"Dijital saatte AB.CD gösteriminde AB < 24 ve CD < 60 olmak üzere, 2K.L4 ve 2L.K8 ifadelerine göre kaç farklı (K, L) sıralı ikilisi vardır?",Sayısal Mantık,Problemler
ALES3_sorular,page_8.png,23,"60 soruluk bir sınavda doğru cevaplar 4 puan, yanlış cevaplar -1 puan. Tüm soruları cevaplayan bir aday 15 yanlış cevap verdiğine göre, kaç puan almıştır?",Sayı Problemleri,Problemler
ALES3_sorular,page_8.png,24,"60 soruluk bir sınavda doğru cevaplar 4 puan, yanlış cevaplar -1 puan. Doğru cevap sayısı yanlış cevap sayısının 5 katı olan ve 171 puan alan bir aday kaç soruyu boş bırakmıştır?",Sayı Problemleri,Problemler
ALES3_sorular,page_9.png,25,"Dairelerin üzerinde yazan sayıların bir kısmının verildiği yukarıdaki düzenekte oyun tamamlandığına göre, a + b + c toplamı kaçtır?",Sayısal Mantık,Yeni Nesil Mantık
ALES3_sorular,page_9.png,26,"Dairelerin üzerinde yazan sayıların bir kısmının verildiği yukarıdaki düzenekte oyun tamamlandığına göre, x + y toplamı kaçtır?",Sayısal Mantık,Yeni Nesil Mantık
ALES3_sorular,page_10.png,27,Verilen kurala göre iki 2x2 rakam bloğunun değerlerinin eşitliğinden B rakamını bulma.,Sayısal Mantık,Salt İşlem
ALES3_sorular,page_10.png,28,"Verilen kurala göre bir 2x2 rakam bloğunun değeri 25 ise, B rakamının alabileceği farklı değerlerin toplamını bulma.",Sayısal Mantık,Salt İşlem
ALES3_sorular,page_11.png,29,1 tane atkı ve 1 tane bere örmek için kullanılan toplam iplik miktarı kaç gramdır?,Problemler,Salt İşlem
ALES3_sorular,page_11.png,30,"3100 gram iplikten belirli sayıda atkı ve bere örülerek 350 TL gelir elde edildiğine göre, satılan bere sayısı kaçtır?",Sayı Problemleri,Problemler
ALES3_sorular,page_11.png,31,"3500 gram iplikle sırasıyla en fazla kazak, sonra en fazla atkı ve kalanla bere örülerek elde edilen toplam gelir kaç TL'dir?",Sayı Problemleri,Problemler
ALES3_sorular,page_12.png,32,"Şubat ayındaki beğeni sayısı, o ayki görüntülenme sayısının yarısı, o ayki yeni takipçi sayısının 2 katıdır. Buna göre; şubat ayındaki görüntülenme, beğeni ve yeni takipçi sayılarının toplamı kaçtır?",Veri Analizi,Problemler
ALES3_sorular,page_12.png,33,"Şubat ve mart aylarının her birinde, Kürşat'ın profilindeki yeni takipçi sayısı bir önceki aya göre %20 artmıştır. Buna göre; ocak, şubat ve mart aylarındaki yeni takipçi sayısından kazanılan puanların toplamı kaçtır?",Yüzde Problemleri,Problemler
ALES3_sorular,page_12.png,34,"Kürşat’ın şubat ayındaki beğeni sayısından kazandığı puan, ocak ve mart aylarındaki görüntülenme sayısından kazandığı puanların toplamına eşittir. Kürşat’ın ocak ayındaki yeni takipçi sayısından kazandığı puan ise şubat ayındaki görüntülenme sayısından kazandığı puana eşittir. Buna göre, bu üç aydaki toplam görüntülenme sayısı kaçtır?",Denklem Kurma,Problemler
ALES3_sorular,page_13.png,35,Verilen süt fiyatları ve oranlarına göre 1 kg beyaz peynir üretimi için gerekli sütün toplam maliyetini hesaplama.,Yüzde ve Oran Problemleri,Problemler
ALES3_sorular,page_13.png,36,"Belirli süt fiyatları ve 1 kg kaşar peyniri üretiminin toplam maliyeti verildiğinde, keçi sütünün litre fiyatını bulma.",Yüzde ve Oran Problemleri,Problemler
ALES3_sorular,page_13.png,37,"Toplam kullanılan süt miktarı ve her iki peynir türünde eşit miktarda inek sütü kullanıldığı bilgisiyle, üretilen kaşar peyniri miktarını bulma.",Denklem Kurma Problemleri,Problemler
ALES3_sorular,page_14.png,38,"Köşelerine sırasıyla 1, 3, 5, 7 sayıları yazılan ilk adımdaki karenin oluşturduğu düzenek kaçıncı adımda tamamlanır?",Sayısal Mantık,Yeni Nesil Mantık
ALES3_sorular,page_14.png,39,"Ardışık 3 adımı verilen düzeneğin görünümünün bir kısmı şekildeki gibi olduğuna göre, A + B toplamı kaçtır?",Sayısal Mantık,Yeni Nesil Mantık
ALES3_sorular,page_14.png,40,"Üçüncü adımda tamamlanan düzeneğin görünümünün bir kısmı şekilde verilmiştir. Buna göre, A kaçtır?",Sayısal Mantık,Yeni Nesil Mantık
ALES3_sorular,page_15.png,41,Başlangıçta verilen top dizilimiyle kapsüllerin doldurulması sonucunda C kapsülündeki top numaraları toplamını bulunuz.,Sözel Mantık,Yeni Nesil Mantık
ALES3_sorular,page_15.png,42,"Başlangıçta verilen top dizilimindeki 'x' değeri, B kapsülüne 3 numaralı topun girmediği gözlemlenerek bulunacaktır.",Sözel Mantık,Yeni Nesil Mantık
ALES3_sorular,page_15.png,43,"Kapsüllerin belirli bir son duruma ulaştığı verildiğinde, bu duruma ulaşan başlangıçtaki top dizilimini seçeneklerden bulunuz.",Sözel Mantık,Yeni Nesil Mantık
ALES3_sorular,page_16.png,44,ABC ve ABD üçgenlerinde verilen kenar eşitlikleri ve açı değerlerine göre x açısı kaç derecedir?,Geometri (Üçgenlerde Açılar),Salt İşlem
ALES3_sorular,page_16.png,45,"ABC ikizkenar üçgeninde m(ADB) açısı ve BD, DC kenar uzunlukları verilmiştir. ADB üçgeninin alanı kaç birimkaredir?",Geometri (Üçgende Alan),Salt İşlem
ALES3_sorular,page_16.png,46,ABCD karesinde bir kenar eşitliği ve m(CBE) açısı verilmiştir. m(EDC) açısı x kaç derecedir?,Geometri (Kare ve Üçgenlerde Açılar),Salt İşlem
ALES3_sorular,page_16.png,47,ABCD dikdörtgeninde verilen kenar uzunlukları ve noktaların konumuna göre CDF üçgeninin alanı kaç birimkaredir?,Geometri (Dikdörtgen ve Üçgende Alan),Salt İşlem
ALES3_sorular,page_17.png,48,"O merkezli yarım çemberde D, E, B doğrusal, |DE| = |EB|, |OE| = |EC| olduğuna göre, m(OAC) = x kaç derecedir?",Geometri (Çemberde Açı),Salt İşlem
ALES3_sorular,page_17.png,49,"20 birim kareden oluşan 4x5 boyutlarındaki şeffaf bir kağıt, Şekil I, II ve III'teki kesikli doğrular boyunca oklar yönünde katlanıyor. Son durumda elde edilen şekil ve ok işaretinin konumu?",Katlama Problemleri / Uzamsal Yetenek,Yeni Nesil Mantık
ALES3_sorular,page_17.png,50,"2x3x4 boyutlarındaki dikdörtgen prizma 8'er tane kırmızı, mavi ve sarı renkli birim küplerle oluşturulmuştur. Bu prizmadan kırmızı ve mavi renkli birim küplerin hepsi çıkarıldığında elde edilen cisim?",Uzamsal Yetenek / Katı Cisimler,Yeni Nesil Mantık
ALES3_sorular,page_18.png,1,"İnsanların tarih boyunca yeni teknolojilere ----, kendileri için önemli gördükleri buluşları yaşamlarına aldıkları bir gerçektir ancak teknolojik yenilikler, insanlara ---- sunsa bile bazı tartışmalı toplumsal düzenlemeleri de beraberinde getirir.",Paragrafta Anlam,Paragraf
ALES3_sorular,page_18.png,2,Bir kadim öğreti iyimserlik ve umut kavramlarını şöyle ele alır: İyimserlik ---- bir duygu olduğu için koşullar zorlaştığında yerini karamsarlığa bırakabilir. Her şeyin yoluna gireceğine dair inanç ve bu doğrultuda ---- çabayı içeren umut ise istikrarlıdır.,Paragrafta Anlam,Paragraf
ALES3_sorular,page_18.png,3,"Sinema izleyicisi, içinde ümitsizlik duygusu barındıran ama bu duyguya çare sunan filmleri sever. Bu nedenle senaryoda mutlaka bir 'süpermen' görmeyi bekler. Bu süpermen; diğerleri ümitsizliğe kapıldığında onları ellerinden tutup kaldıran, daha fazla güce sahip olan, adaleti tesis ederek herkese hak ettiği mutluluğu sunan biri olabilir. Kendilerini film karakterleriyle özdeşleştiren izleyiciler de ----.",Paragrafta Anlam,Paragraf
ALES3_sorular,page_19.png,4,"Matematik ve fizik gibi alanlarda yetersiz bilgisi olan kişilerin bu disiplinlerdeki kitapları anlamakta zorlandığı, ancak Roger Penrose'un çalışmalarının yaratıcı fizik eserleri arasında olduğu belirtilerek, Penrose hakkında metinden çıkarılabilecek sonuç sorulmaktadır.",Paragrafta Anlam,Paragraf
ALES3_sorular,page_19.png,5,"Afrika'da çocukların bir oyunda 'Hepimiz birlikte olursak kazanırız' cevabını verdiği bir antropolog anekdotu verilerek, bu cevabın vurguladığı temel ilke sorulmaktadır.",Paragrafta Anlam,Paragraf
ALES3_sorular,page_20.png,6,"Yunan sanatçı Despina Vandi'nin kariyeri, ödülleri, hitleri ve şarkılarının Türk sanatçılar tarafından seslendirilmesi hakkında bilgi içeren paragraftan çıkarılabilecek kesin yargı.",Paragrafta Anlam,Paragraf
ALES3_sorular,page_20.png,7,Ahmet Hamdi Tanpınar'ın 'On Dokuzuncu Asır Türk Edebiyatı Tarihi' eserinin Türk edebiyatındaki yeri ve etkisi hakkında bilgi içeren paragraftan çıkarılabilecek kesin yargı.,Paragrafta Anlam,Paragraf
ALES3_sorular,page_20.png,8,Güney Afrika Cumhuriyeti'ndeki Amazizi köyünde ulusal parka yakınlığın sağladığı iş olanakları ve yaşam temposu hakkında bilgi içeren paragraftan çıkarılabilecek kesin yargı.,Paragrafta Anlam,Paragraf
ALES3_sorular,page_21.png,9,Numaralanmış sözleri anlamlı ve kurallı bir cümle oluşturacak biçimde sıralandığında baştan ikinci olanı bulma.,Cümle Sıralama,Paragraf
ALES3_sorular,page_21.png,10,Numaralanmış sözleri anlamlı ve kurallı bir cümle oluşturacak biçimde sıralandığında baştan üçüncü olanı bulma.,Cümle Sıralama,Paragraf
ALES3_sorular,page_21.png,11,Numaralanmış cümleleri anlamlı bir bütün oluşturacak biçimde sıralandığında baştan dördüncü olanı bulma.,Cümle Sıralama,Paragraf
ALES3_sorular,page_21.png,12,Numaralanmış cümleleri anlamlı bir bütün oluşturacak biçimde sıralandığında baştan üçüncü olanı bulma.,Cümle Sıralama,Paragraf
ALES3_sorular,page_22.png,13,"Numaralanmış cümlelerin (I, II, III, IV, V) anlamlı bir bütün oluşturması için hangi iki cümlenin yer değiştirmesi gerektiğini bulma.",Paragrafta Anlam,Paragraf
ALES3_sorular,page_22.png,14,"Numaralanmış cümlelerin (I, II, III, IV, V) anlamlı bir bütün oluşturması için hangi iki cümlenin yer değiştirmesi gerektiğini bulma.",Paragrafta Anlam,Paragraf
ALES3_sorular,page_22.png,15,"Numaralanmış cümlelerin (I, II, III, IV, V) anlamlı bir bütün oluşturması için hangi iki cümlenin yer değiştirmesi gerektiğini bulma.",Paragrafta Anlam,Paragraf
ALES3_sorular,page_23.png,16,"Hayatın tam da ortasında durup var olan her şeyi gözlemlediğin zaman onların kendi hâlinde bir hayat sürdürdüklerini görürsün. Numaralanmış cümlelerden hangisinin, parçanın anlam bütünlüğünü bozduğunu bulunuz.",Paragrafta Anlam Bütünlüğünü Bozan Cümle,Paragraf
ALES3_sorular,page_23.png,17,"Bir felsefe tarihi kitabı harita gibidir, onun yol göstericiliğinde dünyayı genel çizgileriyle görebilirsiniz. Numaralanmış cümlelerden hangisinin, parçanın anlam bütünlüğünü bozduğunu bulunuz.",Paragrafta Anlam Bütünlüğünü Bozan Cümle,Paragraf
ALES3_sorular,page_23.png,18,"Düşünmek, zihinsel olduğu kadar insanın sosyal ve kültürel sermayesiyle de doğrudan ilgili bir edimdir. Numaralanmış cümlelerden hangisinin, parçanın anlam bütünlüğünü bozduğunu bulunuz.",Paragrafta Anlam Bütünlüğünü Bozan Cümle,Paragraf
ALES3_sorular,page_23.png,19,"Don Kişot'un deli olduğunu düşünen adam, Don Kişot onu övmeye, ne kadar yetenekli biri olduğunu söylemeye başladığında o kadar gururlanır ki ilk düşüncesini unutup Don Kişot'u bekasını övmeye başlar. Bu parçada mizah hakkında asıl anlatılmak istenen aşağıdakilerden hangisidir?",Paragrafta Ana Fikir,Paragraf
ALES3_sorular,page_24.png,20,Bu parçada Sherlock Holmes karakteriyle ilgili anlatılmak istenen aşağıdakilerden hangisidir?,Paragrafta Anlam,Paragraf
ALES3_sorular,page_24.png,21,Bu parçada altı çizili cümleyle anlatılmak istenen aşağıdakilerden hangisidir?,Paragrafta Anlam,Paragraf
ALES3_sorular,page_24.png,22,Bu parçada altı çizili sözle vurgulanmak istenen aşağıdakilerden hangisidir?,Paragrafta Anlam,Paragraf
ALES3_sorular,page_25.png,23,"Dijital dünya ve teknolojilerin etkileri üzerine bir paragrafta, belirli bir sorunun cevabını bulma.",Paragrafta Anlam,Paragraf
ALES3_sorular,page_25.png,24,Bir metinde anlatılan psikolojik durum olan 'ters çaba kuralı'na uygun örnek olay bulma.,Paragrafta Anlam,Paragraf
ALES3_sorular,page_26.png,25,Bu parçaya göre Lucretius'la ilgili aşağıdakilerden hangisi söylenemez?,Paragrafta Anlam,Paragraf
ALES3_sorular,page_26.png,26,Bu parçada Herkes Biliyor adlı filmle ilgili aşağıdakilerden hangisine değinilmemiştir?,Paragrafta Anlam,Paragraf
ALES3_sorular,page_27.png,27,Bu parçaya göre empatiyle ilgili aşağıdakilerden hangisi söylenemez?,Paragrafta Anlam,Paragraf
ALES3_sorular,page_27.png,28,Bu parçada Galton'la ilgili aşağıdakilerden hangisine değinilmemiştir?,Paragrafta Anlam,Paragraf
ALES3_sorular,page_28.png,29,Matmazel Noraliya'nın Koltuğu adlı romanıyla ilgili parçadan ulaşılamayacak yargı,Paragrafta Anlam,Paragraf
ALES3_sorular,page_28.png,30,Parçada geçen 'yansıtıcı merkez' ifadesinin amacı,Paragrafta Anlam,Paragraf
ALES3_sorular,page_29.png,31,Bu parçaya göre aşağıdakilerden hangisi Amerikan avangart sinemasının özelliklerinden biridir?,Paragrafta Anlam,Paragraf
ALES3_sorular,page_29.png,32,Aşağıdakilerden hangisi bu parçada söz edilen üç yönetmenin sinema anlayışıyla bağdaşmaz?,Paragrafta Anlam,Paragraf
ALES3_sorular,page_30.png,33,Bu parçaya göre çocuğun merkezini dışa kaydıran temel etken aşağıdakilerden hangisidir?,Paragrafta Anlam,Paragraf
ALES3_sorular,page_30.png,34,Bu parçadan aşağıdakilerin hangisine ulaşılamaz?,Paragrafta Anlam,Paragraf
ALES3_sorular,page_30.png,35,Bu parçaya göre “öteki oda sendromu” yaşayan bireyde aşağıdakilerden hangisi gözlenir?,Paragrafta Anlam,Paragraf
ALES3_sorular,page_31.png,36,Bu parçaya göre “Piyango” adlı öyküyle ilgili aşağıdakilerden hangisi söylenemez?,Paragrafta Anlam,Paragraf
ALES3_sorular,page_31.png,37,Bu parçada altı çizili sözle öyküyle ilgili anlatılmak istenen aşağıdakilerden hangisidir?,Paragrafta Anlam,Paragraf
ALES3_sorular,page_31.png,38,Aşağıdakilerden hangisi bu parçada anlatılanları destekler nitelikte değildir?,Paragrafta Anlam,Paragraf
ALES3_sorular,page_32.png,39,Parçaya göre Ellenberger'in çalışması hakkında ne söylenebilir?,Paragrafta Anlam,Paragraf
ALES3_sorular,page_32.png,40,"Parçaya göre James Joyce, Marcel Proust ve Virginia Woolf'un ortak özelliklerinden hangisi yer almaz?",Paragrafta Anlam,Paragraf
ALES3_sorular,page_32.png,41,Parçaya göre belirlenimci nedensellik düşüncesine sahip bir bireyle ilgili ne söylenebilir?,Paragrafta Anlam,Paragraf
ALES3_sorular,page_33.png,42,Bu parçanın yazarıyla ilgili aşağıdakilerden hangisine değinilmiştir?,Paragrafta Anlam,Paragraf
ALES3_sorular,page_34.png,43,Deniz Hoca'yı birinci sırada tercih etmiş olabilecek öğrenciler hangileridir?,Sözel Mantık,Yeni Nesil Mantık
ALES3_sorular,page_34.png,44,Verilen bilgilere göre kesin olarak doğru olan ifade hangisidir?,Sözel Mantık,Yeni Nesil Mantık
ALES3_sorular,page_34.png,45,Hocaların toplam tercih edilme sayılarına ilişkin doğru ifade hangisidir?,Sözel Mantık,Yeni Nesil Mantık
ALES3_sorular,page_34.png,46,"Furkan ile Gökhan'ın birinci tercihlerinin aynı hoca olduğu biliniyorsa, doğru ifade hangisidir?",Sözel Mantık,Yeni Nesil Mantık
ALES3_sorular,page_35.png,47,"Cevdet; birinci, ikinci veya üçüncü katlardan hangilerinde asansörden inmiş olabilir?",Sözel Mantık,Yeni Nesil Mantık
ALES3_sorular,page_35.png,48,Verilen bilgilere göre aşağıdaki ifadelerden hangisi doğrudur?,Sözel Mantık,Yeni Nesil Mantık
ALES3_sorular,page_35.png,49,"Ekrem'in altıncı katta indiği biliniyorsa, asansör kesin olarak hangi katta durmuştur?",Sözel Mantık,Yeni Nesil Mantık
ALES3_sorular,page_35.png,50,Asansörden yedinci katta inen bir kişi olup olmadığını belirlemek için aşağıdaki ek bilgilerden hangisi yeterlidir?,Sözel Mantık,Yeni Nesil Mantık
ALES3_sorular-2,page_3.png,1,(2/5 + 3/4 - 5/8) : 7/8,Rasyonel Sayılar,Salt İşlem
ALES3_sorular-2,page_3.png,2,(8 * 10^-1 - 8 * 10^-2) / (4 * 10^-1),Üslü İfadeler,Salt İşlem
ALES3_sorular-2,page_3.png,3,(√108 - √27) / √48,Köklü İfadeler,Salt İşlem
ALES3_sorular-2,page_3.png,4,(1/2! + 3/4!) / (5/6!),Faktöriyel,Salt İşlem
ALES3_sorular-2,page_4.png,5,"A, B ve C birer rakam olmak üzere, A2B + 2AB + CB2 olduğuna göre, A + B + C toplamı kaçtır?",Basamak Analizi,Salt İşlem
ALES3_sorular-2,page_4.png,6,"Sıfırdan farklı a, b, c ve d gerçel sayıları için 1/a < 1/b < 0 < 1/c < 1/d olduğuna göre, aşağıdaki sıralamalardan hangisi doğrudur?",Eşitsizlikler,Salt İşlem
ALES3_sorular-2,page_4.png,7,"2x-1/3 - 3x-1/6 = 1/5 olduğuna göre, x kaçtır?",Rasyonel Denklemler,Salt İşlem
ALES3_sorular-2,page_4.png,8,"x ve y birer tam sayı olmak üzere, x² - x*y - x + y ifadesi bir tek sayıdır. Buna göre, I. x tek sayıdır. II. y tek sayıdır. III. x+y tek sayıdır. ifadelerinden hangileri doğrudur?",Tek-Çift Sayılar,Salt İşlem
ALES3_sorular-2,page_5.png,9,"a + b² < 0 < a - b < a + c eşitsizliklerine göre a, b, c sayılarının işaretleri.",Eşitsizlikler,Salt İşlem
ALES3_sorular-2,page_5.png,10,"|a|=3, |b|=3, |c|=4, |d|=5, |e|=7 ve e < b < a < c < d olduğuna göre a+b+c+d+e toplamı.",Mutlak Değerler,Salt İşlem
ALES3_sorular-2,page_5.png,11,2ⁿ = 3 olduğuna göre 2³ⁿ⁺² ifadesinin değeri.,Üslü Sayılar,Salt İşlem
ALES3_sorular-2,page_5.png,12,f(x/3) = 2x + 1 olduğuna göre f(f(1)) değeri.,Fonksiyonlar,Salt İşlem
ALES3_sorular-2,page_6.png,13,"A ve B kümelerinin eleman sayıları ile ilgili s(A) = 2.s(B) ve s(A \ B) = s(A ∩ B) + 4 eşitlikleri veriliyor. Buna göre, B \ A kümesinin eleman sayısı kaçtır?",Kümeler,Salt İşlem
ALES3_sorular-2,page_6.png,14,"A, B ve C küçükten büyüğe doğru sıralanmış ardışık rakamlardır. Bu rakamlar kullanılarak iki basamaklı AA, BB ve CC doğal sayıları oluşturuluyor. AA + BB + CC toplamı 7 ile tam bölündüğüne göre, A kaçtır?",Sayı Basamakları ve Bölünebilme Kuralları,Problemler
ALES3_sorular-2,page_6.png,15,Rakamları toplamı 32 olan yedi basamaklı en küçük çift doğal sayının binler basamağındaki rakam kaçtır?,Sayı Basamakları,Problemler
ALES3_sorular-2,page_6.png,16,"Bir kafede her bir tabağa 8'er tane zeytin konularak hazırlanan kahvaltı tabakları, bir grup müşteriye her müşteri bir tabak alacak şekilde servis ediliyor. Servis sonunda; bu gruptaki müşterilerden ikisinin tabağında 2'şer zeytin, diğerlerinin tabağında ise 3'er zeytin yenmeden kalıyor. Bu gruptaki müşterilerin yediği toplam zeytin sayısı 62 olduğuna göre, gruptaki müşteri sayısı kaçtır?",Sayı Problemleri,Problemler
ALES3_sorular-2,page_7.png,17,"Bir derginin toplam sayfa sayısının 1/6'sı bilgisayar oyunlarına, bilgisayar oyunlarına ayırdığı sayfaların 1/3'ü strateji oyunlarına ayrılmıştır. Strateji oyunları dışındaki bilgisayar oyunlarına toplam 8 sayfa ayrıldığına göre, dergi kaç sayfadır?",Kesir Problemleri,Problemler
ALES3_sorular-2,page_7.png,18,"A ve B kentleri arası 440 km olup, otobüs ve otomobil aynı anda karşılıklı hareket ederek 3 saat sonra karşılaşıyor. Karşılaştıktan sonra otobüs mola veriyor, otomobil vermiyor. İkisinin de ortalama hızı 80 km/saat olduğuna göre, otobüs kaç dakika mola vermiştir?",Hız Problemleri,Problemler
ALES3_sorular-2,page_7.png,19,Bir galerideki arabaların üretim yılı ortalaması 1991'dir. Üretim yılı ortalaması 2000 olan sekiz araba satılınca kalan arabaların ortalama üretim yılı 1990'a düşüyor. Başlangıçta galeride kaç araba vardı?,Ortalama Problemleri,Problemler
ALES3_sorular-2,page_7.png,20,"İki basamaklı bir doğal sayı için verilen dört ifadeden üçü doğru, biri yanlıştır. Sayı 80'den büyüktür, rakamlarından biri 5'tir, rakamlarından biri 7'dir, rakamları toplamı bir asal sayıdır. Buna göre, bu sayının rakamları çarpımı kaçtır?",Sayı Problemleri,Yeni Nesil Mantık
ALES3_sorular-2,page_8.png,21,"Bir müzayedede satılan 4 parça eşyanın fiyatları ve toplam gelir içindeki payları tabloya göre, el yazması kitabın toplam gelir içindeki yüzde payı kaçtır?",Yüzde Problemleri,Tablo/Grafik Okuma
ALES3_sorular-2,page_8.png,22,"Ağırlıkları 68, 72, 75 ve 79 kg olan dört kişiden rastgele ikisi, taşıma kapasitesi 150 kg olan bir asansöre biniyor. Asansöre binenlerin toplam ağırlıklarının asansörün taşıma kapasitesini aşmama olasılığı kaçtır?",Olasılık,Problemler
ALES3_sorular-2,page_8.png,23,"Nihat Bey, 8 saatte 1 kilovat enerji tüketen A sınıfı buzdolabını %40 daha az enerji tüketen A++ sınıfı buzdolabıyla değiştiriyor. Buna göre, yeni A++ sınıfı buzdolabı 48 saatte kaç kilovat enerji tüketir?",Yüzde Problemleri,Problemler
ALES3_sorular-2,page_8.png,24,Nihat Bey'in eskiden kullandığı A sınıfı buzdolabının 32 saatte tükettiği enerji miktarıyla yeni aldığı 5 led ampulün 10 saatte tükettiği toplam enerji miktarı birbirine eşittir. Nihat Bey'in eskiden kullandığı ampullerden bir tanesi 1 saatte kaç kilovat enerji tüketir?,Oran Orantı,Problemler
ALES3_sorular-2,page_9.png,25,Ziyaretçi sayısı en az olan gün aşağıdakilerden hangisidir?,Veri Analizi,Tablo/Grafik Okuma
ALES3_sorular-2,page_9.png,26,Aşağıdaki ziyaretçi sayısı - gün grafiklerinden hangisi bu meslek gruplarından birine ait olamaz?,Veri Analizi,Tablo/Grafik Okuma
ALES3_sorular-2,page_10.png,27,"Düzeneğin başlangıç alanında Şekil 1'deki gibi dizilen toplar serbest bırakılıp pimler çıkarıldıktan sonra top haznesinin görünümü Şekil 2'deki gibi oluyor. Buna göre, pimlerin çıkarılma sırası aşağıdakilerden hangisidir?",Sayısal Mantık,Yeni Nesil Mantık
ALES3_sorular-2,page_10.png,28,Düzeneğin başlangıç alanına şekildeki gibi dizilen toplar serbest bırakıldığında top haznesinin görünümü aşağıdakilerden hangisi olamaz?,Sayısal Mantık,Yeni Nesil Mantık
ALES3_sorular-2,page_11.png,29,"6'lık, 10'luk ve 15'lik birer kutu yumurta alan bir kişinin, aynı yumurtaları teker teker alması durumunda ödeyeceği farkı hesaplama.",Sayı Problemleri,Problemler
ALES3_sorular-2,page_11.png,30,10 büyük boy ve 10 küçük boy yumurta alımında ödenecek olası olmayan tutarı belirleme.,Sayı Problemleri,Problemler
ALES3_sorular-2,page_11.png,31,11 büyük boy ve 19 küçük boy yumurtanın en az kaç TL'ye alınabileceğini bulma.,Sayı Problemleri,Problemler
ALES3_sorular-2,page_12.png,32,21 günlük ekmek alma programının son gününde ekmek alan kişi ve alınan ekmek sayısı.,Sayısal Mantık,Yeni Nesil Mantık
ALES3_sorular-2,page_12.png,33,21 günlük program boyunca Can'ın aldığı toplam ekmek sayısı.,Sayısal Mantık,Yeni Nesil Mantık
ALES3_sorular-2,page_12.png,34,21 günlük program boyunca Bora'nın ekmek aldığı son gün.,Sayısal Mantık,Yeni Nesil Mantık
ALES3_sorular-2,page_13.png,35,"197 sayısının (3,5)-modülleri kaçtır?",Modüler Aritmetik,Salt İşlem
ALES3_sorular-2,page_13.png,36,"Üç basamaklı A4A sayısının (3,5)-modülleri 1 olduğuna göre, A kaçtır?",Modüler Aritmetik,Problemler
ALES3_sorular-2,page_13.png,37,"(3,5)-modülleri 8 olan kaç tane iki basamaklı doğal sayı vardır?",Modüler Aritmetik,Problemler
ALES3_sorular-2,page_14.png,38,"Ekimde tüketilen beyaz et miktarının, eylülde tüketilen kırmızı et miktarının yüzde kaçı olduğu.",Yüzde Problemleri,Tablo/Grafik Okuma
ALES3_sorular-2,page_14.png,39,"Grafikte verilen et tüketim miktarları ile ilgili üç ifadenin (I, II, III) doğruluk kontrolü.",Grafik Yorumlama,Tablo/Grafik Okuma
ALES3_sorular-2,page_14.png,40,Beyaz et miktarının aylara göre dağılımını gösteren daire grafiğinde kasım ayına karşılık gelen merkez açının ölçüsü.,Daire Grafiği ve Oran Orantı,Tablo/Grafik Okuma
ALES3_sorular-2,page_15.png,41,"Verilen (x, y, r) üçlülerine göre iki çemberin konumunu ve kesişimini grafik üzerinde belirleme.",Geometri,Yeni Nesil Mantık
ALES3_sorular-2,page_15.png,42,"Üç çemberden oluşan bir şeklin, hangi (x, y, r) üçlüleri sırasıyla girilerek oluşturulduğunu belirleme.",Mantık,Yeni Nesil Mantık
ALES3_sorular-2,page_15.png,43,Belirtilen bilgisayar programının kurallarına göre hangi şekillerin oluşturulamayacağını belirleme.,Mantık,Yeni Nesil Mantık
ALES3_sorular-2,page_16.png,44,"Verilen geometrik şekilde AB // CD, A, E, F doğrusal, c - a = 10° ve a + b = 145° olduğuna göre x açısı kaç derecedir?",Geometri (Açılar),Salt İşlem
ALES3_sorular-2,page_16.png,45,"ABC dik üçgen, ADC eşkenar üçgen, BC ⊥ CA, DE ⊥ AB. |AD| = 6 ve |CE| = x. x kaç birimdir?",Geometri (Üçgenler),Salt İşlem
ALES3_sorular-2,page_16.png,46,"ABCD bir kare, |DF| = |FC|, |EC| = 3 ve |EB| = 5 birim. AEF üçgeninin alanı kaç birimkaredir?",Geometri (Alan Hesaplama),Salt İşlem
ALES3_sorular-2,page_16.png,47,"ABCDEF düzgün altıgen, K ∈ [AB], |AK| = |KB|, |EK| = 2√13 birim. Altıgenin çevresi kaç birimdir?",Geometri (Düzgün Çokgenler),Salt İşlem
ALES3_sorular-2,page_17.png,48,Yarıçapı r birim olan bir dairenin yarıçapı 2 birim artırıldığında alanı 24π birimkare artıyor. r kaçtır?,Geometri,Problemler
ALES3_sorular-2,page_17.png,49,Verilen halatlardan hangisinin uçları oklar yönünde aynı anda çekildiğinde düğüm oluşur?,Şekil Yeteneği,Yeni Nesil Mantık
ALES3_sorular-2,page_17.png,50,Bir gezginin parkta dolaşırken çektiği ilk fotoğraf ve diğer dört fotoğraf verilmiştir. Bu fotoğrafların çekim sırası nedir?,Görsel Mantık,Yeni Nesil Mantık
ALES3_sorular-2,page_18.png,1,Cümledeki boşlukları anlam bütünlüğünü sağlayacak şekilde tamamlayınız.,Cümle Tamamlama,Paragraf
ALES3_sorular-2,page_18.png,2,Cümledeki boşlukları anlam bütünlüğünü sağlayacak şekilde tamamlayınız.,Cümle Tamamlama,Paragraf
ALES3_sorular-2,page_18.png,3,Parçadaki boşluğu anlam bakımından en uygun biçimde tamamlayınız.,Paragraf Tamamlama,Paragraf
ALES3_sorular-2,page_19.png,4,"Fransız hukukçular François Baudouin ve Jean Bodin'in yasama krizi çözme yöntemleri ve tarihe bakış açılarını ele alan metinde, hukukçuların neyi amaçladığı veya neye inandığı sorulmaktadır.",Paragrafta Anlam,Paragraf
ALES3_sorular-2,page_19.png,5,"Kişisel bilgisayarların yaygınlaşmasının daktilolar üzerindeki etkisi ve bilgisayarların yazı aracı olarak gelişimi üzerine olan metinde, metinden çıkarılamayacak yargı sorulmaktadır.",Paragrafta Anlam,Paragraf
ALES3_sorular-2,page_20.png,6,1960'larda Avrupa'da başlayan arkeolojik çalışmalar sonucunda Konya yakınlarındaki Çatalhöyük'ün en eski ve en büyük tarım topluluğu olduğu ortaya çıkmıştır.,Paragrafta Anlam,Paragraf
ALES3_sorular-2,page_20.png,7,"Türk ve Avustralyalı bilim insanları, kornea hücrelerinden geliştirdikleri ince şeffaf film ile hasar görmüş korneadan kaynaklanan görme sorununu ortadan kaldırdılar.",Paragrafta Anlam,Paragraf
ALES3_sorular-2,page_20.png,8,19. yüzyılda İstanbul'da yüzmenin ve deniz suyunun sağlıklı yaşam açısından önemi anlaşılınca Fransızların deniz banyosundan hareketle Türk kültüründe yeni bir moda olarak deniz hamamı kültürü ortaya çıktı.,Paragrafta Anlam,Paragraf
ALES3_sorular-2,page_20.png,9,Numaralanmış sözler anlamlı ve kurallı bir cümle oluşturacak biçimde sıralandığında baştan ikinci olanı bulma.,Sözel Mantık,Yeni Nesil Mantık
ALES3_sorular-2,page_21.png,10,Numaralanmış sözleri anlamlı ve kurallı bir cümle oluşturacak biçimde sıralama.,Paragrafta Anlam,Paragraf
ALES3_sorular-2,page_21.png,11,Numaralanmış cümleleri anlamlı bir bütün oluşturacak biçimde sıralama.,Paragrafta Anlam,Paragraf
ALES3_sorular-2,page_21.png,12,Numaralanmış cümleleri anlamlı bir bütün oluşturacak biçimde sıralama.,Paragrafta Anlam,Paragraf
ALES3_sorular-2,page_22.png,13,Anlamlı bir bütün oluşturacak biçimde sıralanması için cümlelerin birbiriyle yer değiştirmesi gerekenleri bulunuz. Dedektiflik romanı üzerine.,Cümle Sıralama,Paragraf
ALES3_sorular-2,page_22.png,14,Anlamlı bir bütün oluşturacak biçimde sıralanması için cümlelerin birbiriyle yer değiştirmesi gerekenleri bulunuz. Asgardia uzay istasyonu üzerine.,Cümle Sıralama,Paragraf
ALES3_sorular-2,page_23.png,15,Verilen paragraftaki numaralandırılmış cümlelerin ana fikrini oluşturan veya destekleyen cümleleri belirleme sorusu.,Paragrafta Anlam,Paragraf
ALES3_sorular-2,page_23.png,16,"Yemek kültürü hakkındaki bir paragrafta, anlam bütünlüğünü bozan cümleyi bulma sorusu.",Paragrafta Anlam Bütünlüğü,Paragraf
ALES3_sorular-2,page_23.png,17,"Rönesans'ın felsefe ve insanlık üzerindeki etkileri hakkındaki bir paragrafta, anlam bütünlüğünü bozan cümleyi bulma sorusu.",Paragrafta Anlam Bütünlüğü,Paragraf
ALES3_sorular-2,page_24.png,18,"Zaman oku kavramı ve Eddington'ın 'Fiziksel Dünyanın Doğası' eserinden yola çıkarak, zamanın yönü ve makro dünyadaki tek yönlülüğü hakkında verilen yargılardan hangisinin yanlış olduğunu bulma.",Paragrafta Anlam,Paragraf
ALES3_sorular-2,page_24.png,19,Günümüz sanat müzelerinin 'uygarlığın güzellik salonları' olarak düşünülmesi ve bu salonları yaratan anlayışın günlük yaşama duyulan büyük bir hürmet eseri olması cümlesinde vurgulanmak istenen düşünceye en yakın olanı bulma.,Paragrafta Anlam,Paragraf
ALES3_sorular-2,page_24.png,20,Suyun kanaldan aşağı doğru akma zorunluluğu ile insanların kendi özgür iradeleriyle yaptıkları eylemlerin bir nedene dayandığı ilişkisini anlatan cümleden ne anlatılmak istendiğini bulma.,Paragrafta Anlam,Paragraf
ALES3_sorular-2,page_24.png,21,Deneme türünün Batı kökenli olduğu fikrine rağmen Doğu edebiyatlarında da köklü bir geleneği olduğu bilgisini veren paragraftan hareketle ulaşılamayacak yargıyı bulma.,Paragrafta Anlam,Paragraf
ALES3_sorular-2,page_25.png,22,Parçada sözü edilen düşünürlerin mekân hakkındaki ortak yargısı nedir?,Paragrafta Anlam,Paragraf
ALES3_sorular-2,page_25.png,23,Baudelaire'in şiirde yapmak istediği nedir?,Paragrafta Anlam,Paragraf
ALES3_sorular-2,page_25.png,24,Tarih yazımı ile ilgili parçadan hangi yargıya ulaşılabilir?,Paragrafta Anlam,Paragraf
ALES3_sorular-2,page_26.png,25,Sanat tarihçisi Gombrich'in sanatın tanımı üzerine sözlerinden yola çıkan bir metne göre sanatla ilgili hangisi söylenemez?,Paragrafta Anlam,Paragraf
ALES3_sorular-2,page_26.png,26,Bir kişinin 'köşe' kelimesini çeşitli bağlamlarda kullanması ve yabancı kökenli kelimelerle değiştirme çabaları üzerine bir metinde yazarın asıl eleştirdiği durum nedir?,Paragrafta Anlam,Paragraf
ALES3_sorular-2,page_27.png,27,"Çevre insana potansiyel nitelikler veya yetenekler vermez. İnsan doğmadan birtakım güç ve yeteneklere sahip olduğundan yaratıcılık, özgünlük, başkalarını önemseme, sevme, gerçeği arama gibi özelliklerimiz biyolojik varlığımızla birlikte gelişir. İnsanlığı tanımlayan bu yapının gelişebilmesi için sosyal çevre desteği şarttır. Aile, toplum veya kültür bireye; sevme, bilgiyi arama, felsefe yapma, simgeselleştirme veya yaratma potansiyeli kazandıramaz. Bunun yerine, doğuştan getirdiğimiz kimi yetilerin gerçeğe dönüşmesi yolunda bizi yüreklendirir, özendirir. Çevre ve kültür; güneş, besin ve sudur, tohumun kendisi değil. Aşağıdakilerden hangisi bu parçada anlatılan temel düşünceyle çelişen bir ifadedir?",Paragrafta Anlam,Paragraf
ALES3_sorular-2,page_27.png,28,"Acaba Eski Yunan filozofu Sokrates evden dışarıya çıkınca ne yapardı? Dışarıdan göründüğü kadarıyla pazar yerlerini ve spor alanlarını ziyaret eder ve halkla konuşurdu. Deyim yerindeyse o tam bir aylaktı. Karısı Xanthippe'nin sinirine dokunan da düpedüz buydu işte. Evi, karısı ve çocukları ile ilgilenmek, babasından öğrendiği taş oymacılığı mesleğini icra etmek, kısacası vatandaş olarak düzenli bir ömür sürmek yerine Sokrates boş boş dolaşmakta ve tanıdıklarıyla hiçbir işe yaramayan konuşmalar yapmaktaydı. Bu parçanın yazarıyla ilgili aşağıdakilerden hangisi söylenebilir?",Paragrafta Anlam,Paragraf
ALES3_sorular-2,page_28.png,29,Bu parçada Beatnik gruplarıyla ilgili aşağıdakilerden hangisine ulaşılabilir?,Paragrafta Anlam,Paragraf
ALES3_sorular-2,page_28.png,30,Bu parçada altı çizili sözle Beatnik gruplarının üyeleri hakkında anlatılmak istenen aşağıdakilerden hangisi olabilir?,Paragrafta Anlam,Paragraf
ALES3_sorular-2,page_29.png,31,"Parçadan hareketle modern bilim devriminin, bilgi geleneklerinden farklı olan yönlerinden biri değildir?",Paragrafta Anlam,Paragraf
ALES3_sorular-2,page_29.png,32,Yazarın Bilimsel Devrim’i bir “cehalet devrimi” olarak tanımlamasının gerekçesi nedir?,Paragrafta Anlam,Paragraf
ALES3_sorular-2,page_30.png,33,Bu parçada altı çizili söz yerine aşağıdakilerden hangisi getirilebilir?,Paragrafta Anlam,Paragraf
ALES3_sorular-2,page_30.png,34,Bu parçaya göre aşağıdakilerden hangisi söylenebilir?,Paragrafta Anlam,Paragraf
ALES3_sorular-2,page_30.png,35,"Bu parçaya göre psikanalizin ""devrimci"" olarak tanımlanmasının nedeni aşağıdakilerden hangisidir?",Paragrafta Anlam,Paragraf
ALES3_sorular-2,page_31.png,36,Bu parçaya göre “Sevmek Zamanı” adlı filmle ilgili aşağıdakilerden hangisi doğrudur?,Paragrafta Anlam,Paragraf
ALES3_sorular-2,page_31.png,37,Bu parçada aşağıdakilerden hangisine değinilmemiştir?,Paragrafta Anlam,Paragraf
ALES3_sorular-2,page_31.png,38,Bu parçadaki altı çizili sözle filmin hangi özelliğine dikkat çekilmektedir?,Paragrafta Anlam,Paragraf
ALES3_sorular-2,page_32.png,39,Kenyalı atletlerin başarı sebebi olarak varsayılan etkenlerden biri değildir?,Paragrafta Anlam,Paragraf
ALES3_sorular-2,page_32.png,40,Kenyalı atletlerin fiziksel özelliklerindeki farklılığın onlara sağladığı temel avantaj aşağıdakilerden hangisidir?,Paragrafta Anlam,Paragraf
ALES3_sorular-2,page_32.png,41,Bu parçada altı çizili sözle Kenyalı atletlerin başarısının hangi yönü vurgulanmak istenmiştir?,Paragrafta Anlam,Paragraf
ALES3_sorular-2,page_32.png,42,Bu parçaya göre Saltin'in araştırmasıyla ilgili aşağıdakilerden hangisi söylenemez?,Paragrafta Anlam,Paragraf
ALES3_sorular-2,page_33.png,43,"K, L, M eserlerinden hangileri Fransızcaya çevrilmiş olabilir?",Sözel Mantık,Yeni Nesil Mantık
ALES3_sorular-2,page_33.png,44,"M, N, S eserlerinden hangileri hikâye türünde olabilir?",Sözel Mantık,Yeni Nesil Mantık
ALES3_sorular-2,page_33.png,45,M ve N eserlerinin aynı dile çevrildiği biliniyorsa hangi eser ikilisi aynı dile çevrilmiştir?,Sözel Mantık,Yeni Nesil Mantık
ALES3_sorular-2,page_33.png,46,K ve R eserlerinin aynı türde olduğu biliniyorsa hangisi kesin olarak doğrudur?,Sözel Mantık,Yeni Nesil Mantık
ALES3_sorular-2,page_34.png,47,Sınavın altıncı sorusu için aşağıdakilerden hangisi kesin olarak doğrudur?,Sözel Mantık,Yeni Nesil Mantık
ALES3_sorular-2,page_34.png,48,Buna göre sınavda verilen ifadelere göre hangileri kesin olarak doğrudur?,Sözel Mantık,Yeni Nesil Mantık
ALES3_sorular-2,page_34.png,49,Üçüncü sorunun mantık sorusu olduğu biliniyorsa aşağıdakilerden hangisi doğrudur?,Sözel Mantık,Yeni Nesil Mantık
ALES3_sorular-2,page_34.png,50,Beşinci sorunun A seviyesinde bir soru olduğu biliniyorsa aşağıdaki ikililerden hangisi felsefe sorusudur?,Sözel Mantık,Yeni Nesil Mantık
ALESILKBAHAR24072018,page_3.png,1,1 + 1/2 / (3 - 3/4) işleminin sonucu kaçtır?,Rasyonel Sayılar,Salt İşlem
ALESILKBAHAR24072018,page_3.png,2,(3^2 + (-2)^3) / ((-5)^2 - 3^2) işleminin sonucu kaçtır?,Üslü Sayılar,Salt İşlem
ALESILKBAHAR24072018,page_3.png,3,(√147 + √48) / √363 işleminin sonucu kaçtır?,Köklü Sayılar,Salt İşlem
ALESILKBAHAR24072018,page_3.png,4,9! / (8! + 7!) işleminin sonucu kaçtır?,Faktöriyel,Salt İşlem
ALESILKBAHAR24072018,page_4.png,5,"İki basamaklı AB ve üç basamaklı CAB doğal sayıları için AB x 7 = CAB olduğuna göre, A + B + C toplamı kaçtır?",Sayı Basamakları,Salt İşlem
ALESILKBAHAR24072018,page_4.png,6,"a, b ve c gerçel sayıları için a.b < 0 < a < b+c olduğuna göre, aşağıdaki sıralamalardan hangisi doğrudur?",Eşitsizlikler,Salt İşlem
ALESILKBAHAR24072018,page_4.png,7,"a, b ve c birer pozitif tam sayı olmak üzere, b^c * c^a ifadesinin bir çift sayı olduğu biliniyor. Buna göre, I. a*b*c, II. a+b+c, III. (a+b)*c ifadelerinden hangileri her zaman çift sayıdır?",Tek-Çift Sayılar,Salt İşlem
ALESILKBAHAR24072018,page_4.png,8,|x| <= |x + 10| eşitsizliğini sağlayan x negatif tam sayılarının toplamı kaçtır?,Mutlak Değer,Salt İşlem
ALESILKBAHAR24072018,page_5.png,9,"a, b, c gerçel sayılar için a + b² = c ve b - c² = a denklemleri verilmiş. b + c toplamı kaçtır?",Denklemler,Salt İşlem
ALESILKBAHAR24072018,page_5.png,10,x ve y tam sayıları için 2 * 3^(x-2) = 3 * 2^(y+3) denklemi verilmiş. 3x + 2y toplamı kaçtır?,Üslü Sayılar,Salt İşlem
ALESILKBAHAR24072018,page_5.png,11,"c tam sayısı için |10 - x| + |40 - 4x| = c denklemini sağlayan x tam sayılarının çarpımı 36 olduğuna göre, c kaçtır?",Mutlak Değer,Salt İşlem
ALESILKBAHAR24072018,page_5.png,12,"A = {a, b, c, d, e} ve B = {a, c, e, f, g} kümeleri için (A U B) \ (A ∩ B) kümesinin eleman sayısı kaçtır?",Kümeler,Salt İşlem
ALESILKBAHAR24072018,page_6.png,13,"ABC doğal sayısının 9 ile bölümünden kalan A, 5 ile bölümünden kalan B'dir. B-C çarpımı kaçtır?",Sayılar Teorisi,Problemler
ALESILKBAHAR24072018,page_6.png,14,"x★y = x + x•y + xʸ işlemine göre, 2★3 = 1★a eşitliğini sağlayan a değeri kaçtır?",İşlem Tanımı,Salt İşlem
ALESILKBAHAR24072018,page_6.png,15,"Ayşe, Beyza, Cem ve Deniz'in başlangıç noktalarından hareket ederek ulaştıkları kutuların numaraları hangisidir?",Yön Bulma Problemleri,Yeni Nesil Mantık
ALESILKBAHAR24072018,page_7.png,16,"1'den 10'a kadar numaralandırılmış 10 toptan önce iki, sonra iki top alınıyor. İlk iki topun toplamı 11, çarpımı diğer iki topun çarpımına eşit. Dört topun toplamının kaç farklı değer alabileceği soruluyor.",Sayılar Teorisi,Problemler
ALESILKBAHAR24072018,page_7.png,17,"Bir iş merkezindeki 12 ofis boş. Her ofiste en fazla üç kişi çalışıyor. Ofislerin %25'inde birer kişi çalışıyor. Üçer kişinin çalıştığı ofis sayısı, ikişer kişinin çalıştığı ofis sayısının iki katı. Toplam 148 kişi çalışıyor. İkişer kişinin çalıştığı ofis sayısı kaçtır?",Denklem Kurma Problemleri,Problemler
ALESILKBAHAR24072018,page_7.png,18,"A, B ve C takımlarının oynadığı 3 basketbol maçının skorları verilmiş. A tüm maçları kazanmış, C tüm maçları kaybetmiş. C takımının attığı toplam sayı, B takımının attığı toplam sayıdan fazla. B takımının oynadığı iki maçta attığı toplam sayı en çok kaçtır?",Tablo Yorumlama,Tablo/Grafik Okuma
ALESILKBAHAR24072018,page_8.png,19,"Mehmet ve Tuğba arasında geçen diyalogda yaş bilgileri verilmiştir. Mehmet, Tuğba'nın bugünkü yaşındayken Tuğba'nın 44 yaşında olduğunu belirtir. Tuğba ise Mehmet'in bugünkü yaşındayken Mehmet'in 5 yaşında olduğunu söyler. Buna göre, Mehmet ve Tuğba'nın bugünkü yaşları toplamı kaçtır?",Yaş Problemleri,Problemler
ALESILKBAHAR24072018,page_8.png,20,"Ahmet, kütüphanesindeki 640 kitabı özdeş kolilere yerleştirmek istiyor. Bazı kolilere 20'şer, kalanlara 30'ar kitap koyulduğunda kütüphanede 80 kitap kalıyor. 20'şer kitap yerleştirdiği kolilere 40'ar kitap yerleştirdiğinde ise 3 koli boş kalıyor. Toplam koli sayısı kaçtır?",Denklem Kurma Problemleri,Problemler
ALESILKBAHAR24072018,page_8.png,21,"Belirli sayıdaki çuvalların her birinde 15'er kilogram pirinç vardır. Bu pirincin tamamı, her bir poşette 6 kg veya 10 kg pirinç olacak biçimde toplam 40 tane poşete dolduruluyor. Buna göre, çuvalların sayısı en fazla kaçtır?",Denklem Kurma Problemleri,Problemler
ALESILKBAHAR24072018,page_8.png,22,"Naz, attığı adımların sayısını öğrenmek için adımsayar kullanmaktadır. 30 haftada günde ortalama 5000 adım atacak şekilde kendini için bir hedef koymuştur. İlk 25 haftada günde ortalama 4000 adım attığını hesaplamıştır. Naz'ın hedefine ulaşması için son 5 haftada günde ortalama kaç adım atması gerekir?",Ortalama Problemleri,Problemler
ALESILKBAHAR24072018,page_9.png,23,1'den 10'a kadar sayılarla oynanan kart oyununda Sevin'in belirli kartları çekmesi durumunda oyunu kazanma olasılığı.,Olasılık,Problemler
ALESILKBAHAR24072018,page_9.png,24,"Açınımı verilen bir küpün yüzlerine 1'den 6'ya kadar rakamlar, komşu yüzlerdeki sayıların toplamı 7 olacak şekilde kaç farklı biçimde numaralandırılabilir?",Uzamsal Akıl Yürütme,Yeni Nesil Mantık
ALESILKBAHAR24072018,page_9.png,25,"Yakıt deposunun farklı hacimdeki bölmelerinin doluluk durumlarını gösteren renk kodlarına göre, deponun dolu olan kısmının hacminin tamamına oranı hangisi olamaz?",Rasyonel Sayılar / Oran Orantı,Tablo/Grafik Okuma
ALESILKBAHAR24072018,page_9.png,26,Şekil 1'deki depo durumuna 15 litre yakıt eklendiğinde Şekil 2'deki gibi oluyor. Depoyu tamamen doldurmak için Şekil 2'den itibaren kaç litre daha yakıt gerekir?,Rasyonel Sayılar / Oran Orantı,Problemler
ALESILKBAHAR24072018,page_10.png,27,Bu sitedeki 2 odalı dairelerin toplam sayısı kaçtır? (Toplam daire sayısı 60 olarak verilmiştir.),Grafik Problemleri,Tablo/Grafik Okuma
ALESILKBAHAR24072018,page_10.png,28,"Menekşe apartmanında bulunan 4 odalı dairelerin toplam sayısı kaçtır? (4 odalı dairelerin toplam sayısı 30 olarak, Papatya apartmanındaki 2, 3 ve 4 odalı daire sayıları eşit olarak verilmiştir.)",Grafik Problemleri,Tablo/Grafik Okuma
ALESILKBAHAR24072018,page_10.png,29,Burcu Hanım ile çalışan yüksek lisans öğrencilerinin sayısı kaçtır? (Ahmet Bey ile çalışan öğrencilerin sunum toplamı 7'dir.),Mantıksal Akıl Yürütme,Problemler
ALESILKBAHAR24072018,page_10.png,30,"Burcu Hanım ile çalışan öğrencilerin yaptığı sunumların toplam sayısı kaçtır? (Burcu Hanım ile çalışan yüksek lisans öğrencisi sayısı, Ahmet Bey ile çalışan doktora öğrencisi sayısının 4 katıdır.)",Mantıksal Akıl Yürütme,Problemler
ALESILKBAHAR24072018,page_11.png,31,Başlangıçtan sonra yalnızca mavi boyalı dilim sayısının en fazla olduğu süreyi bulma.,Mantık Problemleri,Yeni Nesil Mantık
ALESILKBAHAR24072018,page_11.png,32,Başlangıçtan 10 saniye sonra yeşil boyalı dilim sayısını bulma.,Mantık Problemleri,Yeni Nesil Mantık
ALESILKBAHAR24072018,page_11.png,33,Büyük ve küçük kadran ikinci defa karşılaştığında yeşil boyalı dilim sayısını bulma.,Mantık Problemleri,Yeni Nesil Mantık
ALESILKBAHAR24072018,page_12.png,34,"4 birim ayrıtlı bir küp oluşturulurken, kullanılan kırmızı küp sayısının mavi küp sayısına oranı 5/8'dir. Kullanılan sarı küp sayısı kaçtır?",Küp Problemleri,Problemler
ALESILKBAHAR24072018,page_12.png,35,"4 birim ayrıtlı bir küp oluşturulduktan sonra, kullanılmayan kırmızı küp sayısının kullanılan sarı küp sayısına oranı 1/5'tir. Kullanılan mavi küp sayısı kaç farklı değer alabilir?",Küp Problemleri,Problemler
ALESILKBAHAR24072018,page_12.png,36,"2 birim ayrıtlı küplerde kırmızı küp sayısının mavi küp sayısına oranı 1/2'dir. Toplam 23 sarı küp kullanıldığına göre, oluşturulan küp sayısı kaçtır?",Küp Problemleri,Problemler
ALESILKBAHAR24072018,page_13.png,37,Başlangıç oyuncusu ilk hamlede 3 numaralı mavi taş veriyor. Üçüncü hamlede verilen taş ne olabilir?,Sözel Mantık / Oyun Teorisi,Yeni Nesil Mantık
ALESILKBAHAR24072018,page_13.png,38,"Oyunun üçüncü hamlesinde 12 numaralı kırmızı taş veriliyor. Buna göre, ilk hamlede verilen taş aşağıdakilerden hangisi olamaz?",Sözel Mantık / Oyun Teorisi,Yeni Nesil Mantık
ALESILKBAHAR24072018,page_13.png,39,"Oyuna başlayan oyuncu birinci hamlede 7 numaralı mavi taşı diğer oyuncuya veriyor. Buna göre, bu oyun en az kaç hamlede biter?",Sözel Mantık / Oyun Teorisi,Yeni Nesil Mantık
ALESILKBAHAR24072018,page_14.png,40,"Verilen tablodaki a, b, c değerlerinin toplamı kaçtır?",Sayısal Mantık,Yeni Nesil Mantık
ALESILKBAHAR24072018,page_14.png,41,Verilen boyama kurallarına uymayan tablo hangisidir?,Sayısal Mantık,Yeni Nesil Mantık
ALESILKBAHAR24072018,page_14.png,42,"Belirtilen kurallara göre I, II, III, IV hücrelerinden oluşan satırın renk dizilimi nedir?",Sayısal Mantık,Yeni Nesil Mantık
ALESILKBAHAR24072018,page_15.png,43,"ABC üçgeninde |AC|=|DC|, |AE|=|BE|, m(ACD)=40° ve m(AEB)=100° ise m(AFD) = x kaç derecedir?",Geometri,Problemler
ALESILKBAHAR24072018,page_15.png,44,"ABC ve BDE dik üçgenlerinde [AB]⊥[AC], [BD]⊥[BE], |BD|=|BE|, 4|AC|=3|AB|, |DF|=6 birim ise |EF|=x kaç birimdir?",Geometri,Problemler
ALESILKBAHAR24072018,page_15.png,45,"ABCD ve KLCA dikdörtgenler, B ∈ [KL], |AD|=15 birim, |CD|=20 birim ise KBC üçgeninin alanı kaç birimkaredir?",Geometri,Problemler
ALESILKBAHAR24072018,page_15.png,46,"ABCDEFGH düzgün sekizgen ve ABCK eşkenar dörtgen, |BC|=2 birim ise |EK|/|AB| oranı kaçtır?",Geometri,Problemler
ALESILKBAHAR24072018,page_16.png,47,"Yarıçapı 1 birim olan bir çemberde, eşit aralıklarla verilen 6 noktadan biri mavi, diğerleri kırmızıdır. Mavi noktadan kırmızı noktalara çizilen 5 kirişin uzunlukları toplamı.",Geometri,Problemler
ALESILKBAHAR24072018,page_16.png,48,"6x6x10 birim olan içi dolu bir kare dik prizma birim küplerden yapılmıştır. Bu birim küpler kullanılarak, ayrıt uzunluğu 2 birim ve 4 birim olan eşit sayıda içi dolu küpler elde ediliyor. Elde edilen küplerin toplam sayısı.",Geometri (Hacim),Problemler
ALESILKBAHAR24072018,page_16.png,49,"Farklı renklerde 4 dikdörtgenin kenar uzunlukları (22x21, 19x18, 22x19, 21x18) verilmiştir. Bu dikdörtgenler döndürülerek ve birleştirilerek, alanları toplamına eşit bir kare oluşturulacaktır. Hangi görünümler elde edilebilir?",Uzamsal Akıl Yürütme,Yeni Nesil Mantık
ALESILKBAHAR24072018,page_17.png,50,"Verilen 5 şekilden dördü saat yönünde döndürülerek birbirine eşdeğer hale getirilebiliyor ise, farklı olan şeklin hangisi olduğunun bulunması.",Görsel Mantık / Şekil Yeteneği,Yeni Nesil Mantık
ALESILKBAHAR24072018,page_18.png,1,"Bilimsel araştırmalar, yabani hayvanların ---- gösteriyor. Ancak ""hayatta kalma mücadelesi"" gibi dile yerleşmiş bazı sözler yabani hayvanlar için yaşamın haşin ve amansız olduğu izlenimini pekiştirirken işin ---- görmemizi engelliyor.",Paragrafta Anlam,Paragraf
ALESILKBAHAR24072018,page_18.png,2,"İnsansız hava araçları, tehlikeli görevlerde insan kaybının önüne geçilmesi amacıyla tasarlanmıştı. Mikro hava araçlarıysa, insansız hava araçlarının bir adım ötesine geçti. ----. Belki şimdi değil ama yakın bir gelecekte pencerenizden içeri giren sineklere daha dikkatli bakarsanız iyi olur. Onlar sizi gözetlemeye gelmiş casuslar olabilir.",Paragrafta Anlam,Paragraf
ALESILKBAHAR24072018,page_18.png,3,"Yağmur ve kar sularında bulunan karbondioksit, asidik özelliğe sahiptir ve kireç taşını çözer. ----. Pürtük ve karen olarak da adlandırılan lapyalar en sık rastlanan karstik şekillerdir. Bunların oluşum sürecinde yosunlar ve bazı bitkiler de görev alır.",Paragrafta Anlam,Paragraf
ALESILKBAHAR24072018,page_19.png,4,"Öğrencilerin sınavlarda cevap değiştirme eğilimleri, sonuçları ve bu tutumun nedenleri üzerine yapılan bir araştırmanın bulguları ele alınarak, boş bırakılan yere anlam akışına uygun bir cümle getirilmesi istenmektedir.",Paragrafta Anlam,Paragraf
ALESILKBAHAR24072018,page_19.png,5,"Tüketici elektroniği piyasasında ürün seçmenin zorlukları, tüketicilerin araştırma alışkanlıkları ve karşılaştıkları bilgi karmaşası anlatılarak, boş bırakılan yere paragrafın ana fikrini destekleyen bir yargı getirilmesi istenmektedir.",Paragrafta Anlam,Paragraf
ALESILKBAHAR24072018,page_20.png,6,"Rutherford'un atom çekirdeği keşfi, Nobel ödülü ve kimya/fizik alanındaki çalışmaları hakkındaki paragraftan kesin çıkarım yapma.",Paragrafta Anlam,Paragraf
ALESILKBAHAR24072018,page_20.png,7,"Hundertwasser Binası'nın tasarımı, mimarı ve turistik çekiciliği hakkındaki paragraftan kesin çıkarım yapma.",Paragrafta Anlam,Paragraf
ALESILKBAHAR24072018,page_20.png,8,Ameliyat aletlerinin sterilizasyonu için kullanılan otoklav cihazı ve suyun kaynama noktası hakkındaki paragraftan kesin çıkarım yapma.,Paragrafta Anlam,Paragraf
ALESILKBAHAR24072018,page_20.png,9,Dağınık olarak verilen altı ifadeyi anlamlı ve kurallı bir cümle oluşturacak şekilde sıralayarak dördüncü olan ifadeyi bulma.,Cümle Oluşturma,Sözel Mantık
ALESILKBAHAR24072018,page_21.png,10,Verilen sözlerin anlamlı ve kurallı bir cümle oluşturacak şekilde sıralandığında baştan üçüncü olanı bulunuz.,Cümle Sıralama,Paragraf
ALESILKBAHAR24072018,page_21.png,11,Verilen cümlelerin anlamlı bir bütün oluşturacak şekilde sıralandığında baştan dördüncü olanı bulunuz.,Paragrafta Anlam,Paragraf
ALESILKBAHAR24072018,page_21.png,12,Verilen cümlelerin anlamlı bir bütün oluşturacak şekilde sıralandığında baştan ikinci olanı bulunuz.,Paragrafta Anlam,Paragraf
ALESILKBAHAR24072018,page_22.png,13,Numaralanmış cümlelerin anlamlı bir bütün oluşturacak biçimde sıralanması için hangilerinin birbiriyle yer değiştirmesi gerektiğini bulunuz.,Paragrafta Anlam,Paragraf
ALESILKBAHAR24072018,page_22.png,14,Numaralanmış cümlelerin anlamlı bir bütün oluşturacak biçimde sıralanması için hangilerinin birbiriyle yer değiştirmesi gerektiğini bulunuz.,Paragrafta Anlam,Paragraf
ALESILKBAHAR24072018,page_22.png,15,Numaralanmış cümlelerin anlamlı bir bütün oluşturacak biçimde sıralanması için hangilerinin birbiriyle yer değiştirmesi gerektiğini bulunuz.,Paragrafta Anlam,Paragraf
ALESILKBAHAR24072018,page_23.png,16,"Vücut hücrelerinin genetik yapısı, kök hücreler ve gen tedavisi ile ilgili bir paragrafta anlam bütünlüğünü bozan cümleyi bulunuz.",Paragrafta Anlam,Paragraf
ALESILKBAHAR24072018,page_23.png,17,90'lı yıllardan günümüze ev aydınlatma sistemlerinin ve akıllı lambaların değişimi üzerine bir paragrafta anlam bütünlüğünü bozan cümleyi bulunuz.,Paragrafta Anlam,Paragraf
ALESILKBAHAR24072018,page_23.png,18,"Kara deliklerin özellikleri, kütleleri, çekim güçleri ve evrendeki varlıkları üzerine bir paragrafta anlam bütünlüğünü bozan cümleyi bulunuz.",Paragrafta Anlam,Paragraf
ALESILKBAHAR24072018,page_23.png,19,"Fikirlerini kalıplara dökemeyen kişiyi, işlenmediği takdirde müşteriye ulaşamayan külçe altına benzeten cümlenin ana düşüncesini bulunuz.",Paragrafta Anlam,Paragraf
ALESILKBAHAR24072018,page_24.png,20,Verilen paragraftaki altı çizili 'konfeksiyon' kelimesinin parçaya kattığı anlamı bulma.,Sözcükte Anlam,Paragraf
ALESILKBAHAR24072018,page_24.png,21,"Verilen 'Yiğit bin yaşar, fırsat bir düşer.' atasözüyle anlatılmak istenen düşünceyi bulma.",Atasözü ve Deyim Anlamı,Paragraf
ALESILKBAHAR24072018,page_24.png,22,Kurt Cobain ile ilgili verilen parçada hangisine değinilmediğini bulma.,Paragrafta Anlam,Paragraf
ALESILKBAHAR24072018,page_25.png,23,Kırık kalp sendromu hakkında bilgi veren paragraftan hareketle söylenemeyecek yargıyı bulma.,Paragrafta Anlam,Paragraf
ALESILKBAHAR24072018,page_25.png,24,Geçmiş ile günümüz insanının algıları ve yaşam tarzları üzerine bir paragrafın yazarının neyden yakındığını bulma.,Paragrafta Anlam,Paragraf
ALESILKBAHAR24072018,page_25.png,25,Bir sanat eserini içeriden ve dışarıdan değerlendirme üzerine bir paragrafın yazarının söylemesi beklenemeyecek yargıyı bulma.,Paragrafta Anlam,Paragraf
ALESILKBAHAR24072018,page_26.png,26,"Barselona'yı sanat, estetik, mutfak ve Katalan kültürüyle birlikte değerlendiren, şehrin kültürel kimliğini iyi koruduğunu belirten paragrafın hangi soruya cevap olarak söylenebileceği sorulmaktadır.",Paragrafta Anlam,Paragraf
ALESILKBAHAR24072018,page_26.png,27,"Bilgisayar korsanları ile oyun üreticileri arasındaki kopya koruma mücadelesini anlatan, koruma sistemlerinin evrimini ve korsanların yaşadığı zorlukları ele alan paragrafta, hangi ifadenin dile getirilmediği sorulmaktadır.",Paragrafta Anlam,Paragraf
ALESILKBAHAR24072018,page_27.png,28,Popüler kültür eleştirisinin zorluğu ve bu zorluğun kaynağı üzerine bir paragraf sorusu.,Paragrafta Anlam,Paragraf
ALESILKBAHAR24072018,page_28.png,29,Bu parçada Karadenizli bakırcılarla ilgili olarak aşağıdakilerden hangisine değinilmemiştir?,Paragrafta Anlam,Paragraf
ALESILKBAHAR24072018,page_28.png,30,"Bu parçada bazı bakırcıların “cesur” olarak nitelendirilmesinde, I. atölyelerini oğullarına bırakmak için ayakta tutmaya çalışma, II. yerel varlığını koruyarak dışa açılmaya çalışma, III. herhangi bir süs kullanmaksızın sade güzelliği yakalama çalışma davranışlarından hangilerinin etkili olduğu söylenebilir?",Paragrafta Anlam,Paragraf
ALESILKBAHAR24072018,page_28.png,31,Bu parçanın yazarıyla ilgili olarak aşağıdakilerden hangisi söylenebilir?,Paragrafta Anlam,Paragraf
ALESILKBAHAR24072018,page_28.png,32,"Bu parçanın yazarının, kitabının birinci cildini aşağıdaki cümlelerden hangisiyle bitirmesi beklenemez?",Paragrafta Anlam,Paragraf
ALESILKBAHAR24072018,page_29.png,33,Verilen parçadan hareketle ulaşılamayacak yargıyı bulunuz.,Paragrafta Anlam,Paragraf
ALESILKBAHAR24072018,page_29.png,34,"Parçaya göre ""edilgen göz"" kavramına örnek olabilecek durumları belirleyiniz.",Paragrafta Anlam,Paragraf
ALESILKBAHAR24072018,page_29.png,35,Parçada altı çizili sözcüğün yerine getirilebilecek en uygun kelimeyi bulunuz.,Paragrafta Anlam,Paragraf
ALESILKBAHAR24072018,page_30.png,36,Bu parçadan hareketle aşağıdakilerden hangisi Sherlock Holmes'ün “büyüteç”ini tanımlamaz?,Paragrafta Anlam,Paragraf
ALESILKBAHAR24072018,page_30.png,37,Bu parçada altı çizili ifadeyle vurgulanmak istenen aşağıdakilerden hangisidir?,Paragrafta Anlam,Paragraf
ALESILKBAHAR24072018,page_30.png,38,Bu parçadan hareketle Holmes'ün dedektifliği hakkında yukarıdakilerden hangilerine ulaşılamaz?,Paragrafta Anlam,Paragraf
ALESILKBAHAR24072018,page_31.png,39,Bu parçadan hareketle avcı toplayıcı toplumlarla ilgili olarak yargılarından hangilerine ulaşılabilir?,Paragrafta Anlam,Paragraf
ALESILKBAHAR24072018,page_31.png,40,Bu parçadaki altı çizili ifade ile anlatılmak istenen aşağıdakilerden hangisidir?,Paragrafta Anlam,Paragraf
ALESILKBAHAR24072018,page_31.png,41,Bu parçada aşağıdaki sorulardan hangisinin cevabı vardır?,Paragrafta Anlam,Paragraf
ALESILKBAHAR24072018,page_31.png,42,Bu parçada avcı toplayıcı toplumlar hakkında aşağıdakilerden hangisine değinilmemiştir?,Paragrafta Anlam,Paragraf
ALESILKBAHAR24072018,page_32.png,43,"Sinem'in alabileceği kuruyemiş çeşitleri (ceviz, incir, leblebi) hangileri olabilir?",Sözel Mantık,Yeni Nesil Mantık
ALESILKBAHAR24072018,page_32.png,44,Hangi kuruyemiş çeşitleri aynı kişi tarafından alınmış olamaz?,Sözel Mantık,Yeni Nesil Mantık
ALESILKBAHAR24072018,page_32.png,45,"Sinem, Umut ve Vildan adlı kişilerden hangileri leblebi almış olabilir?",Sözel Mantık,Yeni Nesil Mantık
ALESILKBAHAR24072018,page_32.png,46,Fındık alan kişilerin leblebi almadıkları biliniyorsa hangi ifade doğrudur?,Sözel Mantık,Yeni Nesil Mantık
ALESILKBAHAR24072018,page_33.png,47,Berrak'ın beşinci gün hangi yiyecekleri seçmiş olabileceği.,Sözel Mantık,Yeni Nesil Mantık
ALESILKBAHAR24072018,page_33.png,48,Aynı gün farklı kişiler tarafından tercih edilemeyecek yiyecek çeşitleri çifti.,Sözel Mantık,Yeni Nesil Mantık
ALESILKBAHAR24072018,page_33.png,49,İlk üç günde hem Ali hem de Berrak tarafından tercih edilen yiyecek türü.,Sözel Mantık,Yeni Nesil Mantık
ALESILKBAHAR24072018,page_33.png,50,Berrak'ın menemeni simitten daha önceki bir günde tercih ettiği bilgisine göre doğru olan ifade.,Sözel Mantık,Yeni Nesil Mantık
